forecast,noise_level,bin_lo,bin_hi,n,mean_pred,obs_freq
human confusion row (individual),80,0.0,0.01,68270,0.002061116867493247,0.0027244763439285193
human confusion row (individual),80,0.01,0.02,5199,0.014261217717310324,0.009809578765147143
human confusion row (individual),80,0.02,0.05,4988,0.030675690605825846,0.030072173215717722
human confusion row (individual),80,0.05,0.1,2207,0.06718858360174608,0.03987313094698686
human confusion row (individual),80,0.1,0.2,794,0.13619650214097367,0.09445843828715365
human confusion row (individual),80,0.2,0.3,78,0.2385805326932613,0.19230769230769232
human confusion row (individual),80,0.3,0.4,114,0.35954802378330786,0.543859649122807
human confusion row (individual),80,0.4,0.5,149,0.45171875677595413,0.48322147651006714
human confusion row (individual),80,0.5,0.6,111,0.5460808854193593,0.5585585585585585
human confusion row (individual),80,0.6,0.7,207,0.6587540415628249,0.7246376811594203
human confusion row (individual),80,0.7,0.8,364,0.7478622853969232,0.7225274725274725
human confusion row (individual),80,0.8,0.9,746,0.8661960899088752,0.8873994638069705
human confusion row (individual),80,0.9,0.95,1224,0.9302584782803012,0.9354575163398693
human confusion row (individual),80,0.95,1.0,2509,0.9684282426526353,0.9780789159027501
human confusion row (individual),95,0.0,0.01,63471,0.002063874306716976,0.003403128988041783
human confusion row (individual),95,0.01,0.02,6624,0.014746474261415095,0.010265700483091788
human confusion row (individual),95,0.02,0.05,7327,0.032038700014547894,0.02620444929712024
human confusion row (individual),95,0.05,0.1,2749,0.06990759431159778,0.05456529647144416
human confusion row (individual),95,0.1,0.2,1104,0.13679855545563394,0.11775362318840579
human confusion row (individual),95,0.2,0.3,327,0.24803246227533984,0.21712538226299694
human confusion row (individual),95,0.3,0.4,203,0.36033719119742647,0.3793103448275862
human confusion row (individual),95,0.4,0.5,151,0.4453367718981252,0.4304635761589404
human confusion row (individual),95,0.5,0.6,79,0.5506822174608278,0.5316455696202531
human confusion row (individual),95,0.6,0.7,271,0.6625410965920985,0.7195571955719557
human confusion row (individual),95,0.7,0.8,379,0.7644982375505033,0.8021108179419525
human confusion row (individual),95,0.8,0.9,901,0.8457370465140565,0.8501664816870145
human confusion row (individual),95,0.9,0.95,1451,0.9257752099016701,0.9400413507925569
human confusion row (individual),95,0.95,1.0,1843,0.9678604780145608,0.9712425393380358
human confusion row (individual),110,0.0,0.01,53388,0.0021788853975464174,0.004682700232261932
human confusion row (individual),110,0.01,0.02,9353,0.014331240071803272,0.012295520153961296
human confusion row (individual),110,0.02,0.05,11240,0.032213735284665895,0.030782918149466192
human confusion row (individual),110,0.05,0.1,5504,0.06739883438287626,0.055050872093023256
human confusion row (individual),110,0.1,0.2,1859,0.13017279741898535,0.10220548682087144
human confusion row (individual),110,0.2,0.3,754,0.25512281987337926,0.25596816976127323
human confusion row (individual),110,0.3,0.4,318,0.3437713522667956,0.3490566037735849
human confusion row (individual),110,0.4,0.5,251,0.44328459065345227,0.43824701195219123
human confusion row (individual),110,0.5,0.6,360,0.5488924926539,0.6027777777777777
human confusion row (individual),110,0.6,0.7,338,0.6495463321105402,0.6035502958579881
human confusion row (individual),110,0.7,0.8,522,0.7441109009125589,0.7528735632183908
human confusion row (individual),110,0.8,0.9,1232,0.8633970151252032,0.872564935064935
human confusion row (individual),110,0.9,0.95,1075,0.9320734790740366,0.9376744186046512
human confusion row (individual),110,0.95,1.0,974,0.9634419810841671,0.9579055441478439
human confusion row (individual),125,0.0,0.01,32919,0.002609612964777436,0.007958929493605516
human confusion row (individual),125,0.01,0.02,13900,0.014518757657410506,0.018489208633093526
human confusion row (individual),125,0.02,0.05,19576,0.03270988893586758,0.034378831221904375
human confusion row (individual),125,0.05,0.1,11905,0.06837694980334666,0.05543889122217556
human confusion row (individual),125,0.1,0.2,2837,0.12956525462717133,0.1075079309129362
human confusion row (individual),125,0.2,0.3,1393,0.24966473138816508,0.24838478104809764
human confusion row (individual),125,0.3,0.4,676,0.3376219573404456,0.3594674556213018
human confusion row (individual),125,0.4,0.5,493,0.44732807110302886,0.40973630831643004
human confusion row (individual),125,0.5,0.6,290,0.5513455237465775,0.506896551724138
human confusion row (individual),125,0.6,0.7,419,0.6531459902603005,0.649164677804296
human confusion row (individual),125,0.7,0.8,632,0.7521916160187258,0.759493670886076
human confusion row (individual),125,0.8,0.9,1111,0.8547091499861759,0.8316831683168316
human confusion row (individual),125,0.9,0.95,650,0.9292721651458398,0.9276923076923077
human confusion row (individual),125,0.95,1.0,63,0.9563495179574761,0.873015873015873
raw baseline (a),80,0.0,0.01,12466,0.00126701583434314,0.0009626183218353923
raw baseline (a),80,0.01,0.02,341,0.014240936287470427,0.01466275659824047
raw baseline (a),80,0.02,0.05,296,0.030756747158483408,0.04391891891891892
raw baseline (a),80,0.05,0.1,185,0.07185550028633805,0.08108108108108109
raw baseline (a),80,0.1,0.2,115,0.1436426660123551,0.19130434782608696
raw baseline (a),80,0.2,0.3,56,0.2524209195552051,0.35714285714285715
raw baseline (a),80,0.3,0.4,58,0.34733080612815914,0.3620689655172414
raw baseline (a),80,0.4,0.5,34,0.44361060648043144,0.2647058823529412
raw baseline (a),80,0.5,0.6,28,0.5474057563094238,0.5357142857142857
raw baseline (a),80,0.6,0.7,37,0.6416455916153169,0.5945945945945946
raw baseline (a),80,0.7,0.8,36,0.74731305811132,0.7777777777777778
raw baseline (a),80,0.8,0.9,58,0.8634549595060936,0.7413793103448276
raw baseline (a),80,0.9,0.95,60,0.9298014829560706,0.85
raw baseline (a),80,0.95,1.0,630,0.9829040259900507,0.9904761904761905
raw baseline (a),95,0.0,0.01,12228,0.001359373307490422,0.0007360157016683023
raw baseline (a),95,0.01,0.02,384,0.014534766614384324,0.020833333333333332
raw baseline (a),95,0.02,0.05,417,0.031463316770334745,0.050359712230215826
raw baseline (a),95,0.05,0.1,211,0.07015973117655114,0.07582938388625593
raw baseline (a),95,0.1,0.2,148,0.14001496506034394,0.1554054054054054
raw baseline (a),95,0.2,0.3,77,0.25022549478738476,0.2857142857142857
raw baseline (a),95,0.3,0.4,52,0.34836069364331934,0.4230769230769231
raw baseline (a),95,0.4,0.5,40,0.4436201503271814,0.475
raw baseline (a),95,0.5,0.6,47,0.5534263348487193,0.5106382978723404
raw baseline (a),95,0.6,0.7,38,0.6510315552675011,0.5263157894736842
raw baseline (a),95,0.7,0.8,39,0.7517359019960913,0.6666666666666666
raw baseline (a),95,0.8,0.9,71,0.8572723476921085,0.8169014084507042
raw baseline (a),95,0.9,0.95,66,0.9304426882449277,0.8484848484848485
raw baseline (a),95,0.95,1.0,582,0.9822675177118478,0.9896907216494846
raw baseline (a),110,0.0,0.01,11803,0.0015029661882582734,0.0007625180038973142
raw baseline (a),110,0.01,0.02,502,0.0142761718131177,0.021912350597609563
raw baseline (a),110,0.02,0.05,526,0.03200604855545177,0.030418250950570342
raw baseline (a),110,0.05,0.1,308,0.07152145016780977,0.08766233766233766
raw baseline (a),110,0.1,0.2,232,0.1400574345600339,0.14655172413793102
raw baseline (a),110,0.2,0.3,95,0.24873702626946828,0.37894736842105264
raw baseline (a),110,0.3,0.4,69,0.34467995252769906,0.3333333333333333
raw baseline (a),110,0.4,0.5,51,0.45453395495357135,0.5098039215686274
raw baseline (a),110,0.5,0.6,48,0.5547150912844976,0.4375
raw baseline (a),110,0.6,0.7,54,0.6484896793698363,0.5925925925925926
raw baseline (a),110,0.7,0.8,55,0.7473779469919425,0.7090909090909091
raw baseline (a),110,0.8,0.9,88,0.8561224840824889,0.7840909090909091
raw baseline (a),110,0.9,0.95,61,0.9286930599683922,0.8688524590163934
raw baseline (a),110,0.95,1.0,508,0.9811081958422526,0.9921259842519685
raw baseline (a),125,0.0,0.01,10793,0.001791683358567256,0.0012971370332622997
raw baseline (a),125,0.01,0.02,790,0.014187813857361257,0.016455696202531647
raw baseline (a),125,0.02,0.05,899,0.0316699390556451,0.03337041156840934
raw baseline (a),125,0.05,0.1,475,0.07070701792579707,0.08421052631578947
raw baseline (a),125,0.1,0.2,341,0.14301571289463308,0.16129032258064516
raw baseline (a),125,0.2,0.3,166,0.24518663647036956,0.19879518072289157
raw baseline (a),125,0.3,0.4,106,0.34420504710906075,0.4528301886792453
raw baseline (a),125,0.4,0.5,86,0.44621333653689965,0.5
raw baseline (a),125,0.5,0.6,72,0.5448039377363368,0.5
raw baseline (a),125,0.6,0.7,66,0.648208770994913,0.5757575757575758
raw baseline (a),125,0.7,0.8,65,0.7442651918512296,0.7076923076923077
raw baseline (a),125,0.8,0.9,107,0.8539544072717837,0.8037383177570093
raw baseline (a),125,0.9,0.95,73,0.9256649231961107,0.863013698630137
raw baseline (a),125,0.95,1.0,361,0.9798778318742315,0.9833795013850416
F0: recalibrated (a),80,0.0,0.01,12463,0.0012891366627381705,0.0009628500361068764
F0: recalibrated (a),80,0.01,0.02,339,0.014253831393042348,0.014749262536873156
F0: recalibrated (a),80,0.02,0.05,300,0.0307038923304802,0.043333333333333335
F0: recalibrated (a),80,0.05,0.1,184,0.07170204123276498,0.08152173913043478
F0: recalibrated (a),80,0.1,0.2,117,0.14312091005758565,0.18803418803418803
F0: recalibrated (a),80,0.2,0.3,57,0.2532339650022005,0.3508771929824561
F0: recalibrated (a),80,0.3,0.4,57,0.34784240503284924,0.3684210526315789
F0: recalibrated (a),80,0.4,0.5,35,0.44462781145966546,0.2857142857142857
F0: recalibrated (a),80,0.5,0.6,28,0.5500449901306086,0.5357142857142857
F0: recalibrated (a),80,0.6,0.7,36,0.6417795980044839,0.5833333333333334
F0: recalibrated (a),80,0.7,0.8,36,0.7461378245715786,0.7777777777777778
F0: recalibrated (a),80,0.8,0.9,59,0.8629607962559049,0.7457627118644068
F0: recalibrated (a),80,0.9,0.95,59,0.9295059842548383,0.847457627118644
F0: recalibrated (a),80,0.95,1.0,630,0.982550472520202,0.9904761904761905
F0: recalibrated (a),95,0.0,0.01,12224,0.001381596817837264,0.0007362565445026178
F0: recalibrated (a),95,0.01,0.02,385,0.014575274126501,0.02077922077922078
F0: recalibrated (a),95,0.02,0.05,418,0.03149785108933032,0.050239234449760764
F0: recalibrated (a),95,0.05,0.1,211,0.0699405705981737,0.07582938388625593
F0: recalibrated (a),95,0.1,0.2,150,0.13971973417452996,0.15333333333333332
F0: recalibrated (a),95,0.2,0.3,77,0.25027158385729653,0.2857142857142857
F0: recalibrated (a),95,0.3,0.4,52,0.34800480588801835,0.4230769230769231
F0: recalibrated (a),95,0.4,0.5,41,0.4442129502751011,0.4878048780487805
F0: recalibrated (a),95,0.5,0.6,47,0.5545291530766815,0.48936170212765956
F0: recalibrated (a),95,0.6,0.7,37,0.6511295094441367,0.5405405405405406
F0: recalibrated (a),95,0.7,0.8,39,0.750513604148776,0.6666666666666666
F0: recalibrated (a),95,0.8,0.9,71,0.8561753728010375,0.8169014084507042
F0: recalibrated (a),95,0.9,0.95,67,0.9299388011159356,0.8507462686567164
F0: recalibrated (a),95,0.95,1.0,581,0.9819611378801577,0.9896729776247849
F0: recalibrated (a),110,0.0,0.01,11793,0.0015221714599093984,0.0007631645891630628
F0: recalibrated (a),110,0.01,0.02,506,0.014255774373153065,0.019762845849802372
F0: recalibrated (a),110,0.02,0.05,529,0.03196655380361017,0.03213610586011342
F0: recalibrated (a),110,0.05,0.1,310,0.07146884830960046,0.08709677419354839
F0: recalibrated (a),110,0.1,0.2,233,0.14009228630950757,0.1459227467811159
F0: recalibrated (a),110,0.2,0.3,95,0.2486355224589116,0.37894736842105264
F0: recalibrated (a),110,0.3,0.4,69,0.3443519153646432,0.3333333333333333
F0: recalibrated (a),110,0.4,0.5,51,0.45356147825195586,0.5098039215686274
F0: recalibrated (a),110,0.5,0.6,49,0.5544990337496943,0.4489795918367347
F0: recalibrated (a),110,0.6,0.7,53,0.648238564990486,0.5849056603773585
F0: recalibrated (a),110,0.7,0.8,55,0.7461617796839835,0.7090909090909091
F0: recalibrated (a),110,0.8,0.9,88,0.8549944718325861,0.7840909090909091
F0: recalibrated (a),110,0.9,0.95,63,0.9285850918507157,0.873015873015873
F0: recalibrated (a),110,0.95,1.0,506,0.9808494002350842,0.9920948616600791
F0: recalibrated (a),125,0.0,0.01,10771,0.0018040370741695367,0.0012069445733915143
F0: recalibrated (a),125,0.01,0.02,809,0.014177934642936565,0.0173053152039555
F0: recalibrated (a),125,0.02,0.05,900,0.03178448570005843,0.03333333333333333
F0: recalibrated (a),125,0.05,0.1,474,0.07066610148879833,0.08227848101265822
F0: recalibrated (a),125,0.1,0.2,343,0.14261040653010876,0.16326530612244897
F0: recalibrated (a),125,0.2,0.3,168,0.24510148421414185,0.19642857142857142
F0: recalibrated (a),125,0.3,0.4,105,0.34408447803505177,0.45714285714285713
F0: recalibrated (a),125,0.4,0.5,87,0.4460985004116173,0.4942528735632184
F0: recalibrated (a),125,0.5,0.6,72,0.5451638568253283,0.5138888888888888
F0: recalibrated (a),125,0.6,0.7,66,0.648379730198963,0.5757575757575758
F0: recalibrated (a),125,0.7,0.8,64,0.743326985610774,0.703125
F0: recalibrated (a),125,0.8,0.9,109,0.8536824491650603,0.8073394495412844
F0: recalibrated (a),125,0.9,0.95,72,0.9257778458808159,0.8611111111111112
F0: recalibrated (a),125,0.95,1.0,360,0.979555447135811,0.9833333333333333
"F(a, h) individual",80,0.0,0.01,77933,0.001210030638202223,0.00044910371729562574
"F(a, h) individual",80,0.01,0.02,1123,0.014071614673155075,0.01068566340160285
"F(a, h) individual",80,0.02,0.05,1034,0.031685273271611816,0.033849129593810444
"F(a, h) individual",80,0.05,0.1,544,0.07123410438093605,0.05330882352941176
"F(a, h) individual",80,0.1,0.2,452,0.13858603926762064,0.1902654867256637
"F(a, h) individual",80,0.2,0.3,251,0.24768690897991938,0.30278884462151395
"F(a, h) individual",80,0.3,0.4,168,0.3519457964482931,0.34523809523809523
"F(a, h) individual",80,0.4,0.5,168,0.4453350915713254,0.48214285714285715
"F(a, h) individual",80,0.5,0.6,149,0.5507554545887371,0.4429530201342282
"F(a, h) individual",80,0.6,0.7,150,0.6444769261921856,0.5133333333333333
"F(a, h) individual",80,0.7,0.8,173,0.7473429206605661,0.7514450867052023
"F(a, h) individual",80,0.8,0.9,265,0.855744727235607,0.8830188679245283
"F(a, h) individual",80,0.9,0.95,217,0.9272798060107251,0.9539170506912442
"F(a, h) individual",80,0.95,1.0,4333,0.9828322970228817,0.9944611123932611
"F(a, h) individual",95,0.0,0.01,76567,0.0012868752847909146,0.000770566954432066
"F(a, h) individual",95,0.01,0.02,1617,0.01418167565792284,0.00927643784786642
"F(a, h) individual",95,0.02,0.05,1403,0.032031816380497416,0.02851033499643621
"F(a, h) individual",95,0.05,0.1,695,0.07029569412902403,0.07625899280575539
"F(a, h) individual",95,0.1,0.2,609,0.14066049520623827,0.16091954022988506
"F(a, h) individual",95,0.2,0.3,338,0.24779421623857878,0.28106508875739644
"F(a, h) individual",95,0.3,0.4,244,0.350018247670589,0.3729508196721312
"F(a, h) individual",95,0.4,0.5,221,0.45129230812891186,0.4298642533936652
"F(a, h) individual",95,0.5,0.6,169,0.553793142261101,0.5266272189349113
"F(a, h) individual",95,0.6,0.7,158,0.6556226906139729,0.5759493670886076
"F(a, h) individual",95,0.7,0.8,230,0.7482055920623905,0.717391304347826
"F(a, h) individual",95,0.8,0.9,314,0.851238640045757,0.8598726114649682
"F(a, h) individual",95,0.9,0.95,276,0.9284424974257445,0.9311594202898551
"F(a, h) individual",95,0.95,1.0,4039,0.9822672421228855,0.9933151770240158
"F(a, h) individual",110,0.0,0.01,73837,0.001437221562919115,0.0006907106193371887
"F(a, h) individual",110,0.01,0.02,2477,0.01421321742921294,0.012515139281388777
"F(a, h) individual",110,0.02,0.05,2372,0.03209913588265993,0.03583473861720068
"F(a, h) individual",110,0.05,0.1,1299,0.07155125720653713,0.06697459584295612
"F(a, h) individual",110,0.1,0.2,990,0.14012238586695677,0.15858585858585858
"F(a, h) individual",110,0.2,0.3,520,0.24997457283403976,0.275
"F(a, h) individual",110,0.3,0.4,322,0.3515134288031494,0.36645962732919257
"F(a, h) individual",110,0.4,0.5,321,0.44925852255414206,0.43613707165109034
"F(a, h) individual",110,0.5,0.6,249,0.5528123679657978,0.5582329317269076
"F(a, h) individual",110,0.6,0.7,254,0.6513740150280616,0.6220472440944882
"F(a, h) individual",110,0.7,0.8,255,0.7531443345067473,0.7137254901960784
"F(a, h) individual",110,0.8,0.9,434,0.8532353542744855,0.8410138248847926
"F(a, h) individual",110,0.9,0.95,396,0.929287434625635,0.9419191919191919
"F(a, h) individual",110,0.95,1.0,3442,0.9814146415335352,0.9933178384660082
"F(a, h) individual",125,0.0,0.01,66567,0.0018566667025327838,0.0009313924316853696
"F(a, h) individual",125,0.01,0.02,4577,0.01431831806272033,0.01507537688442211
"F(a, h) individual",125,0.02,0.05,4625,0.03202803685436237,0.032432432432432434
"F(a, h) individual",125,0.05,0.1,2593,0.07040645679482156,0.07558812186656383
"F(a, h) individual",125,0.1,0.2,1970,0.14051139213213157,0.13807106598984772
"F(a, h) individual",125,0.2,0.3,963,0.24552160281641952,0.2720664589823468
"F(a, h) individual",125,0.3,0.4,530,0.3478395024992514,0.37169811320754714
"F(a, h) individual",125,0.4,0.5,432,0.4501951430065259,0.44212962962962965
"F(a, h) individual",125,0.5,0.6,424,0.5493096730425825,0.5683962264150944
"F(a, h) individual",125,0.6,0.7,359,0.6521097009566025,0.6545961002785515
"F(a, h) individual",125,0.7,0.8,449,0.7508340531137296,0.7238307349665924
"F(a, h) individual",125,0.8,0.9,537,0.8515550426716492,0.8175046554934823
"F(a, h) individual",125,0.9,0.95,470,0.9281713350413914,0.948936170212766
"F(a, h) individual",125,0.95,1.0,2368,0.9794890074144543,0.9898648648648649
"F(a, h) pooled",80,0.0,0.01,13039,0.0012276980053681815,0.00023007899378786717
"F(a, h) pooled",80,0.01,0.02,176,0.014238388160705185,0.011363636363636364
"F(a, h) pooled",80,0.02,0.05,127,0.03133093002498736,0.023622047244094488
"F(a, h) pooled",80,0.05,0.1,73,0.06970926944897711,0.0410958904109589
"F(a, h) pooled",80,0.1,0.2,49,0.14350143797154594,0.14285714285714285
"F(a, h) pooled",80,0.2,0.3,23,0.23862236728636416,0.391304347826087
"F(a, h) pooled",80,0.3,0.4,14,0.3464431829520777,0.2857142857142857
"F(a, h) pooled",80,0.4,0.5,10,0.4609450238147444,0.3
"F(a, h) pooled",80,0.5,0.6,18,0.5500881676318339,0.6111111111111112
"F(a, h) pooled",80,0.6,0.7,11,0.6574834080878894,0.7272727272727273
"F(a, h) pooled",80,0.7,0.8,19,0.7570655013391505,0.8421052631578947
"F(a, h) pooled",80,0.8,0.9,45,0.8582142409020509,0.8444444444444444
"F(a, h) pooled",80,0.9,0.95,37,0.9252864803171373,0.9459459459459459
"F(a, h) pooled",80,0.95,1.0,759,0.9829583073214662,0.9986824769433466
"F(a, h) pooled",95,0.0,0.01,12876,0.001287051898092759,0.00046598322460391424
"F(a, h) pooled",95,0.01,0.02,222,0.013732926160848627,0.009009009009009009
"F(a, h) pooled",95,0.02,0.05,183,0.031069712933146563,0.02185792349726776
"F(a, h) pooled",95,0.05,0.1,102,0.07077411577834536,0.049019607843137254
"F(a, h) pooled",95,0.1,0.2,59,0.1373222241432128,0.11864406779661017
"F(a, h) pooled",95,0.2,0.3,35,0.23978405635167008,0.17142857142857143
"F(a, h) pooled",95,0.3,0.4,27,0.3500284345092138,0.48148148148148145
"F(a, h) pooled",95,0.4,0.5,21,0.453191803264157,0.47619047619047616
"F(a, h) pooled",95,0.5,0.6,17,0.5596259073404722,0.5882352941176471
"F(a, h) pooled",95,0.6,0.7,17,0.6515031528674328,0.7058823529411765
"F(a, h) pooled",95,0.7,0.8,30,0.752939572661248,0.7666666666666667
"F(a, h) pooled",95,0.8,0.9,41,0.8543860359375026,0.926829268292683
"F(a, h) pooled",95,0.9,0.95,51,0.9273594641839239,0.9607843137254902
"F(a, h) pooled",95,0.95,1.0,719,0.9826282374534749,0.9944367176634215
"F(a, h) pooled",110,0.0,0.01,12572,0.0013872841214967548,0.0007954183900731785
"F(a, h) pooled",110,0.01,0.02,331,0.013944918427543803,0.006042296072507553
"F(a, h) pooled",110,0.02,0.05,298,0.031028169951757195,0.040268456375838924
"F(a, h) pooled",110,0.05,0.1,123,0.07290191059988554,0.08943089430894309
"F(a, h) pooled",110,0.1,0.2,109,0.14415813412661924,0.10091743119266056
"F(a, h) pooled",110,0.2,0.3,41,0.24407566399195818,0.2682926829268293
"F(a, h) pooled",110,0.3,0.4,30,0.34410301172670316,0.3333333333333333
"F(a, h) pooled",110,0.4,0.5,32,0.4520047922809468,0.375
"F(a, h) pooled",110,0.5,0.6,25,0.5508632548543662,0.56
"F(a, h) pooled",110,0.6,0.7,31,0.6518979099130223,0.7096774193548387
"F(a, h) pooled",110,0.7,0.8,32,0.7636254387317108,0.78125
"F(a, h) pooled",110,0.8,0.9,64,0.8512940885625964,0.921875
"F(a, h) pooled",110,0.9,0.95,54,0.9284636249309854,0.8703703703703703
"F(a, h) pooled",110,0.95,1.0,658,0.9820457382902675,0.993920972644377
"F(a, h) pooled",125,0.0,0.01,11626,0.0016913578124959688,0.001032169275761225
"F(a, h) pooled",125,0.01,0.02,603,0.01397503097996532,0.01824212271973466
"F(a, h) pooled",125,0.02,0.05,607,0.031751072296081824,0.04118616144975288
"F(a, h) pooled",125,0.05,0.1,295,0.07184961057945444,0.08813559322033898
"F(a, h) pooled",125,0.1,0.2,213,0.14341637428123308,0.14553990610328638
"F(a, h) pooled",125,0.2,0.3,125,0.2483376711862802,0.192
"F(a, h) pooled",125,0.3,0.4,74,0.3494356721960478,0.35135135135135137
"F(a, h) pooled",125,0.4,0.5,58,0.4430197642265881,0.46551724137931033
"F(a, h) pooled",125,0.5,0.6,52,0.5536435362410961,0.6730769230769231
"F(a, h) pooled",125,0.6,0.7,50,0.6528359519468713,0.64
"F(a, h) pooled",125,0.7,0.8,59,0.7617493620410317,0.7627118644067796
"F(a, h) pooled",125,0.8,0.9,81,0.857429931567047,0.8024691358024691
"F(a, h) pooled",125,0.9,0.95,77,0.9311564802486141,0.8571428571428571
"F(a, h) pooled",125,0.95,1.0,480,0.9807753425419359,0.9895833333333334
"F(a, r_a)",80,0.0,0.01,12567,0.0014192751086496383,0.0010344553194875468
"F(a, r_a)",80,0.01,0.02,356,0.014099770121088985,0.02247191011235955
"F(a, r_a)",80,0.02,0.05,287,0.031991034562601585,0.0313588850174216
"F(a, r_a)",80,0.05,0.1,116,0.069795806530608,0.13793103448275862
"F(a, r_a)",80,0.1,0.2,109,0.14595944199497762,0.1743119266055046
"F(a, r_a)",80,0.2,0.3,41,0.25541541944586577,0.3170731707317073
"F(a, r_a)",80,0.3,0.4,28,0.3540831573670888,0.5357142857142857
"F(a, r_a)",80,0.4,0.5,29,0.44895034129886113,0.27586206896551724
"F(a, r_a)",80,0.5,0.6,31,0.5456531415619138,0.5483870967741935
"F(a, r_a)",80,0.6,0.7,29,0.6594117982668849,0.5862068965517241
"F(a, r_a)",80,0.7,0.8,31,0.7616688482036852,0.7096774193548387
"F(a, r_a)",80,0.8,0.9,59,0.8563647308974308,0.7796610169491526
"F(a, r_a)",80,0.9,0.95,62,0.9291936106520479,0.8064516129032258
"F(a, r_a)",80,0.95,1.0,655,0.9813217779770198,0.9877862595419847
"F(a, r_a)",95,0.0,0.01,12330,0.0015223743098395528,0.00072992700729927
"F(a, r_a)",95,0.01,0.02,420,0.014168763750074517,0.023809523809523808
"F(a, r_a)",95,0.02,0.05,374,0.031371348227181246,0.0481283422459893
"F(a, r_a)",95,0.05,0.1,167,0.06808034733119901,0.11377245508982035
"F(a, r_a)",95,0.1,0.2,121,0.14170175691735123,0.12396694214876033
"F(a, r_a)",95,0.2,0.3,62,0.24554560535281741,0.2903225806451613
"F(a, r_a)",95,0.3,0.4,44,0.34436341528167397,0.4318181818181818
"F(a, r_a)",95,0.4,0.5,23,0.45626555869763413,0.5217391304347826
"F(a, r_a)",95,0.5,0.6,28,0.5421756933884143,0.4642857142857143
"F(a, r_a)",95,0.6,0.7,39,0.6504859895742418,0.717948717948718
"F(a, r_a)",95,0.7,0.8,49,0.7564109002859507,0.6122448979591837
"F(a, r_a)",95,0.8,0.9,62,0.8472051751938081,0.7419354838709677
"F(a, r_a)",95,0.9,0.95,74,0.9283520438133548,0.8648648648648649
"F(a, r_a)",95,0.95,1.0,607,0.9807600070437735,0.9868204283360791
"F(a, r_a)",110,0.0,0.01,11941,0.0016865691138229512,0.0010049409597186166
"F(a, r_a)",110,0.01,0.02,526,0.014350143035511262,0.015209125475285171
"F(a, r_a)",110,0.02,0.05,498,0.031645027459947045,0.04417670682730924
"F(a, r_a)",110,0.05,0.1,255,0.06909542942433441,0.08235294117647059
"F(a, r_a)",110,0.1,0.2,157,0.14401399810952234,0.1464968152866242
"F(a, r_a)",110,0.2,0.3,83,0.24803360010746345,0.39759036144578314
"F(a, r_a)",110,0.3,0.4,64,0.3485861214458661,0.28125
"F(a, r_a)",110,0.4,0.5,49,0.44413561339985885,0.42857142857142855
"F(a, r_a)",110,0.5,0.6,42,0.5547458565649576,0.6190476190476191
"F(a, r_a)",110,0.6,0.7,46,0.6496687963246336,0.6086956521739131
"F(a, r_a)",110,0.7,0.8,47,0.7439954739864476,0.6382978723404256
"F(a, r_a)",110,0.8,0.9,82,0.8537714791315548,0.8170731707317073
"F(a, r_a)",110,0.9,0.95,83,0.9276875392855961,0.8795180722891566
"F(a, r_a)",110,0.95,1.0,527,0.9800865209148822,0.9829222011385199
"F(a, r_a)",125,0.0,0.01,11000,0.002024759679383571,0.001090909090909091
"F(a, r_a)",125,0.01,0.02,865,0.01428821771858801,0.024277456647398842
"F(a, r_a)",125,0.02,0.05,822,0.0312589555334582,0.0413625304136253
"F(a, r_a)",125,0.05,0.1,369,0.07031714881060444,0.07859078590785908
"F(a, r_a)",125,0.1,0.2,261,0.14050877639118162,0.1724137931034483
"F(a, r_a)",125,0.2,0.3,137,0.24310609315445553,0.25547445255474455
"F(a, r_a)",125,0.3,0.4,96,0.35098281437070716,0.40625
"F(a, r_a)",125,0.4,0.5,73,0.4474966779876844,0.410958904109589
"F(a, r_a)",125,0.5,0.6,59,0.5508930811672873,0.5423728813559322
"F(a, r_a)",125,0.6,0.7,74,0.6494669105251045,0.6216216216216216
"F(a, r_a)",125,0.7,0.8,82,0.7560182560593336,0.7317073170731707
"F(a, r_a)",125,0.8,0.9,83,0.8549373642473146,0.7228915662650602
"F(a, r_a)",125,0.9,0.95,98,0.9280481913328467,0.8673469387755102
"F(a, r_a)",125,0.95,1.0,381,0.9787959281362195,0.9763779527559056
"F(a, r_a, h) pooled",80,0.0,0.01,13090,0.0012415573970340993,0.0002291825821237586
"F(a, r_a, h) pooled",80,0.01,0.02,165,0.01427617729560589,0.006060606060606061
"F(a, r_a, h) pooled",80,0.02,0.05,104,0.03136462647859062,0.038461538461538464
"F(a, r_a, h) pooled",80,0.05,0.1,52,0.06906542901313398,0.057692307692307696
"F(a, r_a, h) pooled",80,0.1,0.2,46,0.14094514387923365,0.10869565217391304
"F(a, r_a, h) pooled",80,0.2,0.3,24,0.254457683358776,0.25
"F(a, r_a, h) pooled",80,0.3,0.4,22,0.3561435177768839,0.36363636363636365
"F(a, r_a, h) pooled",80,0.4,0.5,14,0.4541365640689433,0.5
"F(a, r_a, h) pooled",80,0.5,0.6,10,0.548527196364316,0.6
"F(a, r_a, h) pooled",80,0.6,0.7,13,0.6539639724793374,0.7692307692307693
"F(a, r_a, h) pooled",80,0.7,0.8,23,0.748761221966334,0.782608695652174
"F(a, r_a, h) pooled",80,0.8,0.9,34,0.8517730149959737,0.8823529411764706
"F(a, r_a, h) pooled",80,0.9,0.95,34,0.9270919988411208,0.9411764705882353
"F(a, r_a, h) pooled",80,0.95,1.0,769,0.9831805831832494,0.9973992197659298
"F(a, r_a, h) pooled",95,0.0,0.01,12937,0.0013159045378964903,0.0004637860400401948
"F(a, r_a, h) pooled",95,0.01,0.02,206,0.013762900524237029,0.009708737864077669
"F(a, r_a, h) pooled",95,0.02,0.05,162,0.03163585979056309,0.006172839506172839
"F(a, r_a, h) pooled",95,0.05,0.1,75,0.0732748020964744,0.05333333333333334
"F(a, r_a, h) pooled",95,0.1,0.2,61,0.14164909705301804,0.13114754098360656
"F(a, r_a, h) pooled",95,0.2,0.3,34,0.24891730714157698,0.2647058823529412
"F(a, r_a, h) pooled",95,0.3,0.4,26,0.3596380395741367,0.34615384615384615
"F(a, r_a, h) pooled",95,0.4,0.5,24,0.4574337206237833,0.5
"F(a, r_a, h) pooled",95,0.5,0.6,21,0.5465905529594939,0.6190476190476191
"F(a, r_a, h) pooled",95,0.6,0.7,19,0.6537141072263444,0.6842105263157895
"F(a, r_a, h) pooled",95,0.7,0.8,24,0.7554977430673683,0.9583333333333334
"F(a, r_a, h) pooled",95,0.8,0.9,40,0.8552874252158347,0.875
"F(a, r_a, h) pooled",95,0.9,0.95,35,0.9312109253744213,0.9428571428571428
"F(a, r_a, h) pooled",95,0.95,1.0,736,0.982680420482585,0.9945652173913043
"F(a, r_a, h) pooled",110,0.0,0.01,12653,0.0014205414136018485,0.000869359045285703
"F(a, r_a, h) pooled",110,0.01,0.02,299,0.014064234500124544,0.006688963210702341
"F(a, r_a, h) pooled",110,0.02,0.05,248,0.030995275814236518,0.028225806451612902
"F(a, r_a, h) pooled",110,0.05,0.1,127,0.07173588257804447,0.07874015748031496
"F(a, r_a, h) pooled",110,0.1,0.2,95,0.13561302427520272,0.12631578947368421
"F(a, r_a, h) pooled",110,0.2,0.3,43,0.24725722181785662,0.20930232558139536
"F(a, r_a, h) pooled",110,0.3,0.4,40,0.3462320230414653,0.25
"F(a, r_a, h) pooled",110,0.4,0.5,34,0.43919032709608796,0.5
"F(a, r_a, h) pooled",110,0.5,0.6,25,0.5422093987216055,0.6
"F(a, r_a, h) pooled",110,0.6,0.7,23,0.6571784228347759,0.7391304347826086
"F(a, r_a, h) pooled",110,0.7,0.8,33,0.7466095993226946,0.8787878787878788
"F(a, r_a, h) pooled",110,0.8,0.9,65,0.8521320824952715,0.8615384615384616
"F(a, r_a, h) pooled",110,0.9,0.95,38,0.9276191023927863,0.9210526315789473
"F(a, r_a, h) pooled",110,0.95,1.0,677,0.981949455358303,0.9896602658788775
"F(a, r_a, h) pooled",125,0.0,0.01,11731,0.0017720890013664136,0.001022930696445316
"F(a, r_a, h) pooled",125,0.01,0.02,579,0.014107049792185801,0.025906735751295335
"F(a, r_a, h) pooled",125,0.02,0.05,551,0.0316903261808822,0.041742286751361164
"F(a, r_a, h) pooled",125,0.05,0.1,277,0.07022310198229399,0.08303249097472924
"F(a, r_a, h) pooled",125,0.1,0.2,226,0.14113718874596548,0.11504424778761062
"F(a, r_a, h) pooled",125,0.2,0.3,95,0.2488342852103066,0.23157894736842105
"F(a, r_a, h) pooled",125,0.3,0.4,70,0.3537995229143602,0.4
"F(a, r_a, h) pooled",125,0.4,0.5,75,0.45019324090812424,0.4266666666666667
"F(a, r_a, h) pooled",125,0.5,0.6,47,0.5514122912433338,0.6170212765957447
"F(a, r_a, h) pooled",125,0.6,0.7,44,0.6607809139349312,0.6818181818181818
"F(a, r_a, h) pooled",125,0.7,0.8,45,0.7528733201694153,0.7777777777777778
"F(a, r_a, h) pooled",125,0.8,0.9,91,0.8476217476487372,0.8021978021978022
"F(a, r_a, h) pooled",125,0.9,0.95,67,0.9242459083008222,0.8656716417910447
"F(a, r_a, h) pooled",125,0.95,1.0,502,0.9803499193136735,0.9840637450199203
α = 1 uniform row (robustness 7),80,0.0,0.01,51630,0.005113259719349035,0.001568855316676351
α = 1 uniform row (robustness 7),80,0.01,0.02,14975,0.01415730415473421,0.005742904841402338
α = 1 uniform row (robustness 7),80,0.02,0.05,11373,0.029491288653520027,0.018464785017145872
α = 1 uniform row (robustness 7),80,0.05,0.1,2871,0.06657150254574606,0.04179728317659352
α = 1 uniform row (robustness 7),80,0.1,0.2,643,0.12872443636905054,0.09797822706065319
α = 1 uniform row (robustness 7),80,0.2,0.3,187,0.25242489727593664,0.45989304812834225
α = 1 uniform row (robustness 7),80,0.3,0.4,193,0.35244766139261163,0.48186528497409326
α = 1 uniform row (robustness 7),80,0.4,0.5,143,0.45327572910709696,0.6013986013986014
α = 1 uniform row (robustness 7),80,0.5,0.6,391,0.5546987504902264,0.8132992327365729
α = 1 uniform row (robustness 7),80,0.6,0.7,445,0.6423429109255433,0.7910112359550562
α = 1 uniform row (robustness 7),80,0.7,0.8,26,0.7276535748981214,0.7307692307692307
α = 1 uniform row (robustness 7),80,0.8,0.9,2255,0.8719973820011236,0.9494456762749446
α = 1 uniform row (robustness 7),80,0.9,0.95,1828,0.9199390420443793,0.973741794310722
α = 1 uniform row (robustness 7),95,0.0,0.01,42449,0.005674295950846233,0.0022850950552427618
α = 1 uniform row (robustness 7),95,0.01,0.02,22066,0.014087959928650815,0.005936735248799057
α = 1 uniform row (robustness 7),95,0.02,0.05,12302,0.031132805472432273,0.01853357177694684
α = 1 uniform row (robustness 7),95,0.05,0.1,3552,0.068476575587771,0.05264639639639639
α = 1 uniform row (robustness 7),95,0.1,0.2,1041,0.13368128780692895,0.13064361191162344
α = 1 uniform row (robustness 7),95,0.2,0.3,306,0.23719204160386198,0.2581699346405229
α = 1 uniform row (robustness 7),95,0.3,0.4,282,0.34028106688776455,0.4787234042553192
α = 1 uniform row (robustness 7),95,0.4,0.5,59,0.4412067875802614,0.5932203389830508
α = 1 uniform row (robustness 7),95,0.5,0.6,347,0.5557601846853564,0.7579250720461095
α = 1 uniform row (robustness 7),95,0.6,0.7,715,0.657233339777422,0.8363636363636363
α = 1 uniform row (robustness 7),95,0.7,0.8,540,0.7485498457768032,0.8481481481481481
α = 1 uniform row (robustness 7),95,0.8,0.9,2084,0.8689068513889003,0.9438579654510557
α = 1 uniform row (robustness 7),95,0.9,0.95,1137,0.915144638768072,0.9815303430079155
α = 1 uniform row (robustness 7),110,0.0,0.01,30804,0.006449802999707455,0.0034086482275029217
α = 1 uniform row (robustness 7),110,0.01,0.02,25991,0.014007817091191494,0.00707937362933323
α = 1 uniform row (robustness 7),110,0.02,0.05,16407,0.03240342793290657,0.024501737063448527
α = 1 uniform row (robustness 7),110,0.05,0.1,6563,0.06701414485556019,0.05180557671796435
α = 1 uniform row (robustness 7),110,0.1,0.2,1666,0.129197230073314,0.117046818727491
α = 1 uniform row (robustness 7),110,0.2,0.3,821,0.236090045559047,0.2557856272838002
α = 1 uniform row (robustness 7),110,0.3,0.4,423,0.3483501287151694,0.43498817966903075
α = 1 uniform row (robustness 7),110,0.4,0.5,304,0.4601319918005922,0.6414473684210527
α = 1 uniform row (robustness 7),110,0.5,0.6,546,0.550755423104285,0.6648351648351648
α = 1 uniform row (robustness 7),110,0.6,0.7,810,0.6404026104973372,0.7839506172839507
α = 1 uniform row (robustness 7),110,0.7,0.8,390,0.7644656368376564,0.8538461538461538
α = 1 uniform row (robustness 7),110,0.8,0.9,2234,0.8547649347541671,0.9404655326768129
α = 1 uniform row (robustness 7),110,0.9,0.95,209,0.9107963579536864,0.9617224880382775
α = 1 uniform row (robustness 7),125,0.0,0.01,11497,0.00763952436485059,0.0061755240497521095
α = 1 uniform row (robustness 7),125,0.01,0.02,24887,0.014238404712949128,0.010929400892031985
α = 1 uniform row (robustness 7),125,0.02,0.05,28605,0.03242415672190895,0.028072015381926236
α = 1 uniform row (robustness 7),125,0.05,0.1,13511,0.06764937082027088,0.054548145955147655
α = 1 uniform row (robustness 7),125,0.1,0.2,2870,0.13025965105559736,0.11637630662020906
α = 1 uniform row (robustness 7),125,0.2,0.3,1586,0.24802850444759603,0.287515762925599
α = 1 uniform row (robustness 7),125,0.3,0.4,549,0.3484532880116815,0.3551912568306011
α = 1 uniform row (robustness 7),125,0.4,0.5,547,0.4404902911103896,0.5191956124314442
α = 1 uniform row (robustness 7),125,0.5,0.6,704,0.5424567414670456,0.6732954545454546
α = 1 uniform row (robustness 7),125,0.6,0.7,663,0.637914611754421,0.7631975867269984
α = 1 uniform row (robustness 7),125,0.7,0.8,726,0.7506326808704198,0.8815426997245179
α = 1 uniform row (robustness 7),125,0.8,0.9,719,0.8290123049598169,0.913769123783032
