run,fold,noise,combiner,weights
main:alexnet_baseline,1,all,F0,[0.4887372520085772]
main:alexnet_baseline,1,all,Fr,"[0.136595076221105, 0.387362233910769]"
main:alexnet_baseline,1,all,Fhp,"[0.25944168759320124, 0.7403871531472768]"
main:alexnet_baseline,1,all,Frhp,"[0.10338146454375616, 0.18158407827561956, 0.7128602208803272]"
main:alexnet_baseline,1,all,Fh,"[0.24509908396122648, 0.898322498958743]"
main:alexnet_baseline,1,all,Frh,"[0.058768288528154924, 0.22126396396504527, 0.8550801720454608]"
main:alexnet_baseline,2,all,F0,[0.5068737075661123]
main:alexnet_baseline,2,all,Fr,"[0.14909587757734655, 0.3895424942717937]"
main:alexnet_baseline,2,all,Fhp,"[0.2501304327760635, 0.7304890608100753]"
main:alexnet_baseline,2,all,Frhp,"[0.0943878148450632, 0.17402851226469315, 0.7014892613724835]"
main:alexnet_baseline,2,all,Fh,"[0.2556869174447935, 0.8958911523737827]"
main:alexnet_baseline,2,all,Frh,"[0.0663737902213741, 0.21739356329112805, 0.8509034772517197]"
main:alexnet_baseline,3,all,F0,[0.5068533655893022]
main:alexnet_baseline,3,all,Fr,"[0.1455986346611899, 0.39446790889407685]"
main:alexnet_baseline,3,all,Fhp,"[0.26061495361059395, 0.7388526009016492]"
main:alexnet_baseline,3,all,Frhp,"[0.09500961663348709, 0.19240253906234905, 0.7104314039299315]"
main:alexnet_baseline,3,all,Fh,"[0.26929461200538796, 0.8999811743902664]"
main:alexnet_baseline,3,all,Frh,"[0.07123324731309552, 0.2279870562592735, 0.8496773681504364]"
main:alexnet_baseline,4,all,F0,[0.4930819320225294]
main:alexnet_baseline,4,all,Fr,"[0.12573767234103, 0.40353838909807327]"
main:alexnet_baseline,4,all,Fhp,"[0.2518670429640635, 0.7309743328462176]"
main:alexnet_baseline,4,all,Frhp,"[0.0702177892410625, 0.20892769736438627, 0.7000471594071445]"
main:alexnet_baseline,4,all,Fh,"[0.244228963979983, 0.9011778481522825]"
main:alexnet_baseline,4,all,Frh,"[0.04411096379231522, 0.23634551389879607, 0.8498196554005832]"
main:alexnet_baseline,5,all,F0,[0.5029060931108055]
main:alexnet_baseline,5,all,Fr,"[0.14680290887414518, 0.3873422166604142]"
main:alexnet_baseline,5,all,Fhp,"[0.2721160247311304, 0.7275500758310336]"
main:alexnet_baseline,5,all,Frhp,"[0.11812835658382481, 0.17920992039601186, 0.6998811036924517]"
main:alexnet_baseline,5,all,Fh,"[0.26405208795456897, 0.8971591921145122]"
main:alexnet_baseline,5,all,Frh,"[0.07619158486526503, 0.21720864716125254, 0.851755900124328]"
main:alexnet_epoch00,1,all,F0,[0.9988044938391923]
main:alexnet_epoch00,1,all,Fr,"[0.3784908062175415, 0.513191988689866]"
main:alexnet_epoch00,1,all,Fhp,"[0.6489428648215019, 0.6532866179771157]"
main:alexnet_epoch00,1,all,Frhp,"[0.291365525465384, 0.32154430319583016, 0.5788085102263131]"
main:alexnet_epoch00,1,all,Fh,"[0.7720330658488105, 0.7909132599755941]"
main:alexnet_epoch00,1,all,Frh,"[0.3276646671159026, 0.37387923005610546, 0.6662805219277496]"
main:alexnet_epoch00,2,all,F0,[1.0129986896824485]
main:alexnet_epoch00,2,all,Fr,"[0.3997681641893219, 0.5042237806597561]"
main:alexnet_epoch00,2,all,Fhp,"[0.5892554656372312, 0.6337338015401844]"
main:alexnet_epoch00,2,all,Frhp,"[0.23289389354667508, 0.3189921868844896, 0.5584532798931614]"
main:alexnet_epoch00,2,all,Fh,"[0.771606969944747, 0.7818291838339794]"
main:alexnet_epoch00,2,all,Frh,"[0.336848465884381, 0.3611168388581658, 0.651588563908201]"
main:alexnet_epoch00,3,all,F0,[0.9990356829245882]
main:alexnet_epoch00,3,all,Fr,"[0.37744409507889615, 0.5001588110664983]"
main:alexnet_epoch00,3,all,Fhp,"[0.6315115627882874, 0.6486146373421493]"
main:alexnet_epoch00,3,all,Frhp,"[0.28318875012789, 0.3023950192011061, 0.580166003726575]"
main:alexnet_epoch00,3,all,Fh,"[0.7693752264505088, 0.7884544637232548]"
main:alexnet_epoch00,3,all,Frh,"[0.33294236106278086, 0.3579543433661711, 0.6676846625109529]"
main:alexnet_epoch00,4,all,F0,[0.9942956237477444]
main:alexnet_epoch00,4,all,Fr,"[0.38276044692525757, 0.499780398058061]"
main:alexnet_epoch00,4,all,Fhp,"[0.6001203904283945, 0.6421695018776913]"
main:alexnet_epoch00,4,all,Frhp,"[0.24880937265362268, 0.31401480542023985, 0.5680256454199175]"
main:alexnet_epoch00,4,all,Fh,"[0.7537908996533791, 0.7930353079685213]"
main:alexnet_epoch00,4,all,Frh,"[0.32306358097257415, 0.3606422743107415, 0.6680578839621102]"
main:alexnet_epoch00,5,all,F0,[0.9982433109472191]
main:alexnet_epoch00,5,all,Fr,"[0.3599474276743425, 0.5066676301863233]"
main:alexnet_epoch00,5,all,Fhp,"[0.6042178916333169, 0.6372109685984779]"
main:alexnet_epoch00,5,all,Frhp,"[0.23238806674289675, 0.31986577002567307, 0.5643332386749703]"
main:alexnet_epoch00,5,all,Fh,"[0.7516233191302497, 0.7868088361622828]"
main:alexnet_epoch00,5,all,Frh,"[0.29363126617871116, 0.3716283218952605, 0.6635096604834031]"
main:alexnet_epoch01,1,all,F0,[1.0108856159423225]
main:alexnet_epoch01,1,all,Fr,"[0.49335433993321615, 0.4569567964927731]"
main:alexnet_epoch01,1,all,Fhp,"[0.722544132403513, 0.5854849050349131]"
main:alexnet_epoch01,1,all,Frhp,"[0.30742820174756935, 0.34456865982651097, 0.523465936010836]"
main:alexnet_epoch01,1,all,Fh,"[0.8574145728928129, 0.70380571126059]"
main:alexnet_epoch01,1,all,Frh,"[0.41283311452686844, 0.3634766461446279, 0.5999663162988075]"
main:alexnet_epoch01,2,all,F0,[1.0117207386707021]
main:alexnet_epoch01,2,all,Fr,"[0.4857676161119836, 0.4622970640415015]"
main:alexnet_epoch01,2,all,Fhp,"[0.6407729562879773, 0.5514181915714178]"
main:alexnet_epoch01,2,all,Frhp,"[0.24689458619968122, 0.35528693138403644, 0.49698795592505907]"
main:alexnet_epoch01,2,all,Fh,"[0.8346966346977658, 0.6900289421399272]"
main:alexnet_epoch01,2,all,Frh,"[0.39984940528235424, 0.364481094905757, 0.5794523086274899]"
main:alexnet_epoch01,3,all,F0,[1.0163849068311568]
main:alexnet_epoch01,3,all,Fr,"[0.5028150009833843, 0.4366103849373367]"
main:alexnet_epoch01,3,all,Fhp,"[0.6548440604615621, 0.5618152735006996]"
main:alexnet_epoch01,3,all,Frhp,"[0.23216896462536918, 0.34377524826114825, 0.5171227093618348]"
main:alexnet_epoch01,3,all,Fh,"[0.8448944276329422, 0.6844158481231872]"
main:alexnet_epoch01,3,all,Frh,"[0.3997678788919974, 0.3503264698940549, 0.5907209316975854]"
main:alexnet_epoch01,4,all,F0,[1.0298166017702042]
main:alexnet_epoch01,4,all,Fr,"[0.5201127613691434, 0.4386406087607825]"
main:alexnet_epoch01,4,all,Fhp,"[0.6862790502513578, 0.5531440347431077]"
main:alexnet_epoch01,4,all,Frhp,"[0.2792135500224455, 0.3401299273025876, 0.5019031805277455]"
main:alexnet_epoch01,4,all,Fh,"[0.8675057678809057, 0.6915573656199232]"
main:alexnet_epoch01,4,all,Frh,"[0.42809873340808857, 0.3526892979094226, 0.5990131096772313]"
main:alexnet_epoch01,5,all,F0,[0.9993194393128731]
main:alexnet_epoch01,5,all,Fr,"[0.47631089991634307, 0.45736874739122074]"
main:alexnet_epoch01,5,all,Fhp,"[0.6428230987366097, 0.5507709810670807]"
main:alexnet_epoch01,5,all,Frhp,"[0.246312689441479, 0.35039834660743663, 0.49758301005464756]"
main:alexnet_epoch01,5,all,Fh,"[0.8212240434313712, 0.6848328360937803]"
main:alexnet_epoch01,5,all,Frh,"[0.3815169265358978, 0.3638146455359663, 0.5815755400297618]"
main:alexnet_epoch10,1,all,F0,[0.9994638341234298]
main:alexnet_epoch10,1,all,Fr,"[0.48808485512037003, 0.46629524418209733]"
main:alexnet_epoch10,1,all,Fhp,"[0.7895537300582414, 0.576678321030459]"
main:alexnet_epoch10,1,all,Frhp,"[0.3556923516077122, 0.3455374646507279, 0.519428027394006]"
main:alexnet_epoch10,1,all,Fh,"[0.8702743166050483, 0.6915215395657772]"
main:alexnet_epoch10,1,all,Frh,"[0.41071635101158405, 0.37789799672185587, 0.5986412859274886]"
main:alexnet_epoch10,2,all,F0,[0.9992907834325138]
main:alexnet_epoch10,2,all,Fr,"[0.4887442043855771, 0.46621348626442577]"
main:alexnet_epoch10,2,all,Fhp,"[0.7315642490508993, 0.5428027835320365]"
main:alexnet_epoch10,2,all,Frhp,"[0.32880428404552187, 0.3297314032639205, 0.47923439865399536]"
main:alexnet_epoch10,2,all,Fh,"[0.8485978013323137, 0.676027511485397]"
main:alexnet_epoch10,2,all,Frh,"[0.4019526533756212, 0.37160753868799423, 0.565614356359913]"
main:alexnet_epoch10,3,all,F0,[0.997867277271413]
main:alexnet_epoch10,3,all,Fr,"[0.47429927509405356, 0.46341977914034316]"
main:alexnet_epoch10,3,all,Fhp,"[0.7076852031383927, 0.5606067861690471]"
main:alexnet_epoch10,3,all,Frhp,"[0.29273796591563594, 0.34300443593783647, 0.509832229991755]"
main:alexnet_epoch10,3,all,Fh,"[0.8325338428505308, 0.685306070684235]"
main:alexnet_epoch10,3,all,Frh,"[0.3793497647534546, 0.37962777853694785, 0.5932766598775325]"
main:alexnet_epoch10,4,all,F0,[1.007827800788632]
main:alexnet_epoch10,4,all,Fr,"[0.5011058705762876, 0.454109387840839]"
main:alexnet_epoch10,4,all,Fhp,"[0.7682223827341126, 0.5497567933744508]"
main:alexnet_epoch10,4,all,Frhp,"[0.3447754506607874, 0.32847627722755246, 0.49528149715649955]"
main:alexnet_epoch10,4,all,Fh,"[0.8737243861620666, 0.6825832709336086]"
main:alexnet_epoch10,4,all,Frh,"[0.4092688718587051, 0.36906742764015693, 0.5913729699735462]"
main:alexnet_epoch10,5,all,F0,[0.9981936241971183]
main:alexnet_epoch10,5,all,Fr,"[0.47313947405964407, 0.4779452117561126]"
main:alexnet_epoch10,5,all,Fhp,"[0.7220889593045672, 0.5480198542786006]"
main:alexnet_epoch10,5,all,Frhp,"[0.3122211487130093, 0.34769270715160905, 0.4831932667940631]"
main:alexnet_epoch10,5,all,Fh,"[0.8372139837649246, 0.6785637215252129]"
main:alexnet_epoch10,5,all,Frh,"[0.3770509520195356, 0.39026000975532327, 0.5694129442551481]"
main:densenet161_baseline,1,all,F0,[0.634459105864744]
main:densenet161_baseline,1,all,Fr,"[0.5622160938678146, 0.07694672127564722]"
main:densenet161_baseline,1,all,Fhp,"[0.3065775858983034, 0.6913108419733447]"
main:densenet161_baseline,1,all,Frhp,"[0.24279336659411282, 0.06578732532226034, 0.6896670895968668]"
main:densenet161_baseline,1,all,Fh,"[0.38250349696776414, 0.8355128306909156]"
main:densenet161_baseline,1,all,Frh,"[0.3346447880329448, 0.05490864721145758, 0.8363501596314225]"
main:densenet161_baseline,2,all,F0,[0.6532763062077837]
main:densenet161_baseline,2,all,Fr,"[0.5881415950255591, 0.06906687480140017]"
main:densenet161_baseline,2,all,Fhp,"[0.3173181918428987, 0.6804940419807948]"
main:densenet161_baseline,2,all,Frhp,"[0.2836106440287378, 0.03491285016378573, 0.6792896727869955]"
main:densenet161_baseline,2,all,Fh,"[0.39320975389993507, 0.8279488239094923]"
main:densenet161_baseline,2,all,Frh,"[0.35454262014194804, 0.04356052302416712, 0.8286291429867926]"
main:densenet161_baseline,3,all,F0,[0.6532218687794425]
main:densenet161_baseline,3,all,Fr,"[0.5806559306462887, 0.07619964349470168]"
main:densenet161_baseline,3,all,Fhp,"[0.31345597149779186, 0.6848688208098137]"
main:densenet161_baseline,3,all,Frhp,"[0.26025918786579794, 0.05680527139919209, 0.6838010585669378]"
main:densenet161_baseline,3,all,Fh,"[0.40132457517878906, 0.8243506341724527]"
main:densenet161_baseline,3,all,Frh,"[0.3535046722169043, 0.05440389717440776, 0.8256747016714966]"
main:densenet161_baseline,4,all,F0,[0.6499374436217388]
main:densenet161_baseline,4,all,Fr,"[0.5713574877295573, 0.08233646468588657]"
main:densenet161_baseline,4,all,Fhp,"[0.3222784476399799, 0.676014448133392]"
main:densenet161_baseline,4,all,Frhp,"[0.27668072122935594, 0.04836517876869255, 0.6746446578875652]"
main:densenet161_baseline,4,all,Fh,"[0.3968559803371583, 0.8290679942328361]"
main:densenet161_baseline,4,all,Frh,"[0.3476068679791114, 0.05466696546086364, 0.8281698245724693]"
main:densenet161_baseline,5,all,F0,[0.6471643969714058]
main:densenet161_baseline,5,all,Fr,"[0.573592583272872, 0.07768306373639339]"
main:densenet161_baseline,5,all,Fhp,"[0.32127326709321696, 0.676558944274537]"
main:densenet161_baseline,5,all,Frhp,"[0.2698890007655511, 0.053269484282153556, 0.6747423277381516]"
main:densenet161_baseline,5,all,Fh,"[0.3906744060815522, 0.83201388356735]"
main:densenet161_baseline,5,all,Frh,"[0.3364673940206945, 0.05945768170796924, 0.8292103842693012]"
main:densenet161_epoch00,1,all,F0,[0.8698458426133722]
main:densenet161_epoch00,1,all,Fr,"[0.6196783582234856, 0.282738208153542]"
main:densenet161_epoch00,1,all,Fhp,"[0.5757224629402999, 0.565735275475783]"
main:densenet161_epoch00,1,all,Frhp,"[0.4464294915918547, 0.17864412771655747, 0.5460927832715654]"
main:densenet161_epoch00,1,all,Fh,"[0.6950049522828923, 0.6724690812728622]"
main:densenet161_epoch00,1,all,Frh,"[0.5304493266233083, 0.20460523823104326, 0.6435686831328806]"
main:densenet161_epoch00,2,all,F0,[0.8769397179858568]
main:densenet161_epoch00,2,all,Fr,"[0.6267795143098698, 0.2771098339237564]"
main:densenet161_epoch00,2,all,Fhp,"[0.5708890977056927, 0.5437408282500895]"
main:densenet161_epoch00,2,all,Frhp,"[0.4467712761352344, 0.16335247901216327, 0.5216832176218373]"
main:densenet161_epoch00,2,all,Fh,"[0.6933523995584929, 0.6529069262750585]"
main:densenet161_epoch00,2,all,Frh,"[0.5276694871888818, 0.19924633408807985, 0.6254540264974264]"
main:densenet161_epoch00,3,all,F0,[0.8719847943700876]
main:densenet161_epoch00,3,all,Fr,"[0.6383426955551492, 0.2597551831732169]"
main:densenet161_epoch00,3,all,Fhp,"[0.5621370572584758, 0.5594546413899081]"
main:densenet161_epoch00,3,all,Frhp,"[0.42927541367055966, 0.16938472922765224, 0.5423280713747245]"
main:densenet161_epoch00,3,all,Fh,"[0.6974254049852834, 0.6632426470923262]"
main:densenet161_epoch00,3,all,Frh,"[0.5378928530226921, 0.1888032173773192, 0.6381663911723268]"
main:densenet161_epoch00,4,all,F0,[0.8605026231458528]
main:densenet161_epoch00,4,all,Fr,"[0.6170458000352866, 0.2723116308977923]"
main:densenet161_epoch00,4,all,Fhp,"[0.5601319088900072, 0.5529550198412106]"
main:densenet161_epoch00,4,all,Frhp,"[0.4275188863969498, 0.1737443262098773, 0.5326677560338238]"
main:densenet161_epoch00,4,all,Fh,"[0.6822001567706455, 0.6708332399604836]"
main:densenet161_epoch00,4,all,Frh,"[0.5200812154419427, 0.19795208236601353, 0.6435237071026397]"
main:densenet161_epoch00,5,all,F0,[0.8735694747734775]
main:densenet161_epoch00,5,all,Fr,"[0.6312116591045588, 0.26934941856371064]"
main:densenet161_epoch00,5,all,Fhp,"[0.5665012885490264, 0.547538222819111]"
main:densenet161_epoch00,5,all,Frhp,"[0.4362488198278175, 0.17148446160792505, 0.5260815169917212]"
main:densenet161_epoch00,5,all,Fh,"[0.6961171437717395, 0.6659746150348023]"
main:densenet161_epoch00,5,all,Frh,"[0.534823767989745, 0.19308311901945802, 0.6351666190167182]"
main:densenet161_epoch01,1,all,F0,[0.9459647283612888]
main:densenet161_epoch01,1,all,Fr,"[0.5870101532075263, 0.3385500405367028]"
main:densenet161_epoch01,1,all,Fhp,"[0.6524061026320067, 0.5348167036789557]"
main:densenet161_epoch01,1,all,Frhp,"[0.32555897458605837, 0.30097163799148996, 0.5100646640647386]"
main:densenet161_epoch01,1,all,Fh,"[0.7760358753862975, 0.6311683207667542]"
main:densenet161_epoch01,1,all,Frh,"[0.4570162758557891, 0.2982466778672661, 0.5903313421069574]"
main:densenet161_epoch01,2,all,F0,[0.9612850268516293]
main:densenet161_epoch01,2,all,Fr,"[0.6137637923839568, 0.3289853627628488]"
main:densenet161_epoch01,2,all,Fhp,"[0.6682870085282858, 0.5147664318784742]"
main:densenet161_epoch01,2,all,Frhp,"[0.4089665361507715, 0.2432971936259083, 0.47722928806886883]"
main:densenet161_epoch01,2,all,Fh,"[0.7873145090986741, 0.6175378702553503]"
main:densenet161_epoch01,2,all,Frh,"[0.5016193104050155, 0.2722117434502688, 0.5702170572174662]"
main:densenet161_epoch01,3,all,F0,[0.926544284037508]
main:densenet161_epoch01,3,all,Fr,"[0.5858527968037018, 0.3252028803295057]"
main:densenet161_epoch01,3,all,Fhp,"[0.6046678868354648, 0.5211753906085053]"
main:densenet161_epoch01,3,all,Frhp,"[0.3202543869829268, 0.26526231962440006, 0.4922756643778786]"
main:densenet161_epoch01,3,all,Fh,"[0.7494511377525571, 0.6196559364466683]"
main:densenet161_epoch01,3,all,Frh,"[0.45790120317895905, 0.2777612209859856, 0.5770240738926122]"
main:densenet161_epoch01,4,all,F0,[0.9588753242062844]
main:densenet161_epoch01,4,all,Fr,"[0.6202972668213543, 0.3162247780028557]"
main:densenet161_epoch01,4,all,Fhp,"[0.6682445279849123, 0.5114727644952737]"
main:densenet161_epoch01,4,all,Frhp,"[0.4226506503949254, 0.2396704366117287, 0.48375396678533844]"
main:densenet161_epoch01,4,all,Fh,"[0.7921517246112841, 0.618738420764321]"
main:densenet161_epoch01,4,all,Frh,"[0.505797598665507, 0.26667902748719297, 0.5815390010282098]"
main:densenet161_epoch01,5,all,F0,[0.9571939178220673]
main:densenet161_epoch01,5,all,Fr,"[0.6199973416321487, 0.3228578608300866]"
main:densenet161_epoch01,5,all,Fhp,"[0.6535750317914558, 0.5069764063766129]"
main:densenet161_epoch01,5,all,Frhp,"[0.4196914596961825, 0.23973459952565102, 0.47394160590488643]"
main:densenet161_epoch01,5,all,Fh,"[0.7782839883352757, 0.6111195193396199]"
main:densenet161_epoch01,5,all,Frh,"[0.5035803858162478, 0.2701456477668437, 0.5694772499020851]"
main:densenet161_epoch10,1,all,F0,[0.9936608906948381]
main:densenet161_epoch10,1,all,Fr,"[0.7348093667852582, 0.2533735208624029]"
main:densenet161_epoch10,1,all,Fhp,"[0.7641034945965364, 0.49328340586949604]"
main:densenet161_epoch10,1,all,Frhp,"[0.5254969283781992, 0.21333059035561594, 0.4768413513101333]"
main:densenet161_epoch10,1,all,Fh,"[0.8417855141842108, 0.5771134965947784]"
main:densenet161_epoch10,1,all,Frh,"[0.6251300637350358, 0.20454316727033062, 0.5528119367230011]"
main:densenet161_epoch10,2,all,F0,[0.9846674945738281]
main:densenet161_epoch10,2,all,Fr,"[0.7203729833418695, 0.25566152192503744]"
main:densenet161_epoch10,2,all,Fhp,"[0.7081755317268471, 0.45819044318365765]"
main:densenet161_epoch10,2,all,Frhp,"[0.506921216496549, 0.19114820706260507, 0.4383533661338631]"
main:densenet161_epoch10,2,all,Fh,"[0.8124113815138816, 0.5471729403600756]"
main:densenet161_epoch10,2,all,Frh,"[0.6070466893799134, 0.20154015618090299, 0.5216172357310325]"
main:densenet161_epoch10,3,all,F0,[0.9773477725614317]
main:densenet161_epoch10,3,all,Fr,"[0.7133768144943154, 0.25566600025342673]"
main:densenet161_epoch10,3,all,Fhp,"[0.7342740259004558, 0.4944939695675288]"
main:densenet161_epoch10,3,all,Frhp,"[0.5323730773004913, 0.17952975020480288, 0.47197738164148906]"
main:densenet161_epoch10,3,all,Fh,"[0.8193372149907454, 0.5775086352093799]"
main:densenet161_epoch10,3,all,Frh,"[0.6083264153862081, 0.2024741300165604, 0.555569598430516]"
main:densenet161_epoch10,4,all,F0,[0.9978725625633547]
main:densenet161_epoch10,4,all,Fr,"[0.7619308884090997, 0.2356965017630953]"
main:densenet161_epoch10,4,all,Fhp,"[0.7601476729422375, 0.4621036337427675]"
main:densenet161_epoch10,4,all,Frhp,"[0.5645915928789189, 0.1760349872975333, 0.44652871095170854]"
main:densenet161_epoch10,4,all,Fh,"[0.8489792015358282, 0.5568232980113165]"
main:densenet161_epoch10,4,all,Frh,"[0.6466699074272368, 0.1851471130297155, 0.532679955309115]"
main:densenet161_epoch10,5,all,F0,[0.9978123419913512]
main:densenet161_epoch10,5,all,Fr,"[0.7461618681706976, 0.24665173044696811]"
main:densenet161_epoch10,5,all,Fhp,"[0.7329822571820388, 0.4512674860863142]"
main:densenet161_epoch10,5,all,Frhp,"[0.560860623078344, 0.17812286073980077, 0.43673652431895726]"
main:densenet161_epoch10,5,all,Fh,"[0.8327222074047271, 0.5528332530474074]"
main:densenet161_epoch10,5,all,Frh,"[0.6332806590352658, 0.1966409057126038, 0.5292518148914962]"
main:googlenet_baseline,1,all,F0,[0.9126489467923233]
main:googlenet_baseline,1,all,Fr,"[0.6921521761270174, 0.17003172504974962]"
main:googlenet_baseline,1,all,Fhp,"[0.4779060001066605, 0.6954110909092153]"
main:googlenet_baseline,1,all,Frhp,"[0.3469520958169207, 0.09757733020786685, 0.6902579901022103]"
main:googlenet_baseline,1,all,Fh,"[0.5720349000015794, 0.8373660317720004]"
main:googlenet_baseline,1,all,Frh,"[0.4611090263984171, 0.09449035607109135, 0.8317487696621484]"
main:googlenet_baseline,2,all,F0,[0.9326649403518074]
main:googlenet_baseline,2,all,Fr,"[0.7009778714958538, 0.17339904945449197]"
main:googlenet_baseline,2,all,Fhp,"[0.44436140119648854, 0.6830185363556169]"
main:googlenet_baseline,2,all,Frhp,"[0.33567168129598823, 0.08214825475191428, 0.6783440654439776]"
main:googlenet_baseline,2,all,Fh,"[0.5869544857126232, 0.835241661231902]"
main:googlenet_baseline,2,all,Frh,"[0.4788429341269647, 0.08644663021937095, 0.828325803068765]"
main:googlenet_baseline,3,all,F0,[0.9431395647529344]
main:googlenet_baseline,3,all,Fr,"[0.7126984276889518, 0.17267976865470794]"
main:googlenet_baseline,3,all,Fhp,"[0.4768327433003197, 0.6899778984165029]"
main:googlenet_baseline,3,all,Frhp,"[0.31732865467351645, 0.11526082956794458, 0.6862727382521503]"
main:googlenet_baseline,3,all,Fh,"[0.6065303165590306, 0.8296967641480452]"
main:googlenet_baseline,3,all,Frh,"[0.48170918980834376, 0.10063894644154112, 0.8228462206280481]"
main:googlenet_baseline,4,all,F0,[0.9241129935432677]
main:googlenet_baseline,4,all,Fr,"[0.6845155855641069, 0.18221706669399712]"
main:googlenet_baseline,4,all,Fhp,"[0.46802391630743756, 0.6824615382628614]"
main:googlenet_baseline,4,all,Frhp,"[0.33432285239619375, 0.10759703036671564, 0.6780724455603162]"
main:googlenet_baseline,4,all,Fh,"[0.5896810133561428, 0.8356646587648158]"
main:googlenet_baseline,4,all,Frh,"[0.47476234556292285, 0.0954888523127786, 0.8281388304957403]"
main:googlenet_baseline,5,all,F0,[0.9337709649733504]
main:googlenet_baseline,5,all,Fr,"[0.7158249934441258, 0.16298572075716813]"
main:googlenet_baseline,5,all,Fhp,"[0.5077044898336229, 0.6782907422320335]"
main:googlenet_baseline,5,all,Frhp,"[0.4074041907184055, 0.07632912582746348, 0.6737930368826697]"
main:googlenet_baseline,5,all,Fh,"[0.6080564356070213, 0.8340649802547542]"
main:googlenet_baseline,5,all,Frh,"[0.5105279814419359, 0.07891955994275153, 0.8272387017979463]"
main:googlenet_epoch00,1,all,F0,[0.9183163090921322]
main:googlenet_epoch00,1,all,Fr,"[0.37887794340971076, 0.4711719268807498]"
main:googlenet_epoch00,1,all,Fhp,"[0.6112592854411238, 0.6221809359689879]"
main:googlenet_epoch00,1,all,Frhp,"[0.25892085057635805, 0.3128757098495515, 0.5721268738099896]"
main:googlenet_epoch00,1,all,Fh,"[0.7109598379233731, 0.7511199081139541]"
main:googlenet_epoch00,1,all,Frh,"[0.30911153244417, 0.35375237354736755, 0.6565207228775474]"
main:googlenet_epoch00,2,all,F0,[0.9264108893726812]
main:googlenet_epoch00,2,all,Fr,"[0.38442754893464715, 0.4676287297764369]"
main:googlenet_epoch00,2,all,Fhp,"[0.5829742521329295, 0.6061116108890068]"
main:googlenet_epoch00,2,all,Frhp,"[0.2520420470622221, 0.29578396365740134, 0.5495901742839363]"
main:googlenet_epoch00,2,all,Fh,"[0.7100545136270978, 0.7415578646617482]"
main:googlenet_epoch00,2,all,Frh,"[0.3159970015949245, 0.34212817647494, 0.6405064345195017]"
main:googlenet_epoch00,3,all,F0,[0.9144168779306556]
main:googlenet_epoch00,3,all,Fr,"[0.4096302201416464, 0.440641669924199]"
main:googlenet_epoch00,3,all,Fhp,"[0.5835936235745072, 0.6147495273699854]"
main:googlenet_epoch00,3,all,Frhp,"[0.24449488191549268, 0.29815326890317023, 0.5737483536173298]"
main:googlenet_epoch00,3,all,Fh,"[0.7087614494106189, 0.7381795929752102]"
main:googlenet_epoch00,3,all,Frh,"[0.335658817045317, 0.32586340785621926, 0.6550220547833324]"
main:googlenet_epoch00,4,all,F0,[0.9338133170971255]
main:googlenet_epoch00,4,all,Fr,"[0.4332447412751821, 0.43204317542336396]"
main:googlenet_epoch00,4,all,Fhp,"[0.613167553054941, 0.6035587253160212]"
main:googlenet_epoch00,4,all,Frhp,"[0.30376800594349995, 0.27770922980853685, 0.5594647852077292]"
main:googlenet_epoch00,4,all,Fh,"[0.7342184976677375, 0.74589204816637]"
main:googlenet_epoch00,4,all,Frh,"[0.3723059401013919, 0.3133823782735229, 0.6604059330259432]"
main:googlenet_epoch00,5,all,F0,[0.9187901103733215]
main:googlenet_epoch00,5,all,Fr,"[0.4056526443357769, 0.44720361831245925]"
main:googlenet_epoch00,5,all,Fhp,"[0.5889417649682926, 0.6017302151212804]"
main:googlenet_epoch00,5,all,Frhp,"[0.2877192638365267, 0.2771397074073667, 0.5491156600894009]"
main:googlenet_epoch00,5,all,Fh,"[0.7166476224348141, 0.7415312809888324]"
main:googlenet_epoch00,5,all,Frh,"[0.3412726714753717, 0.3280798426981554, 0.6513710172386011]"
main:googlenet_epoch01,1,all,F0,[0.9541814157621192]
main:googlenet_epoch01,1,all,Fr,"[0.5163401832269929, 0.38213588364907214]"
main:googlenet_epoch01,1,all,Fhp,"[0.6679616917575935, 0.5287540899038469]"
main:googlenet_epoch01,1,all,Frhp,"[0.3212941559595831, 0.298660720231968, 0.5084032240760556]"
main:googlenet_epoch01,1,all,Fh,"[0.7822175433064099, 0.6328570388020467]"
main:googlenet_epoch01,1,all,Frh,"[0.4119954416082968, 0.3176061178520479, 0.5905582078415096]"
main:googlenet_epoch01,2,all,F0,[0.9534793389151772]
main:googlenet_epoch01,2,all,Fr,"[0.5230422756561385, 0.3830170987948091]"
main:googlenet_epoch01,2,all,Fhp,"[0.6557501735263858, 0.5113961106563335]"
main:googlenet_epoch01,2,all,Frhp,"[0.3398144948440185, 0.2745971788795007, 0.48172715587596027]"
main:googlenet_epoch01,2,all,Fh,"[0.7666249420427778, 0.6154971061764445]"
main:googlenet_epoch01,2,all,Frh,"[0.4126754803567392, 0.3132831511157302, 0.5676740433113929]"
main:googlenet_epoch01,3,all,F0,[0.937799918043269]
main:googlenet_epoch01,3,all,Fr,"[0.5263832087216767, 0.36859937016784533]"
main:googlenet_epoch01,3,all,Fhp,"[0.6221766035729484, 0.5232833071735903]"
main:googlenet_epoch01,3,all,Frhp,"[0.3325156571789738, 0.2649257349388649, 0.4952206198138859]"
main:googlenet_epoch01,3,all,Fh,"[0.7537548201943346, 0.6199264863165711]"
main:googlenet_epoch01,3,all,Frh,"[0.4209558863495342, 0.29996496094493796, 0.5763435773071113]"
main:googlenet_epoch01,4,all,F0,[0.9352867892112007]
main:googlenet_epoch01,4,all,Fr,"[0.48927309530942104, 0.39355930299971165]"
main:googlenet_epoch01,4,all,Fhp,"[0.6475934255751902, 0.5220064779574214]"
main:googlenet_epoch01,4,all,Frhp,"[0.31552063285490195, 0.28616686833675825, 0.4932482098184209]"
main:googlenet_epoch01,4,all,Fh,"[0.7529223030704679, 0.635767399953115]"
main:googlenet_epoch01,4,all,Frh,"[0.3793862853533323, 0.32721812115624926, 0.5906288962236825]"
main:googlenet_epoch01,5,all,F0,[0.950219000719017]
main:googlenet_epoch01,5,all,Fr,"[0.515997727985889, 0.38092521502423304]"
main:googlenet_epoch01,5,all,Fhp,"[0.6515248212899516, 0.5149468392871855]"
main:googlenet_epoch01,5,all,Frhp,"[0.3547124220170845, 0.26670799675759305, 0.4824792126187301]"
main:googlenet_epoch01,5,all,Fh,"[0.7673231500951252, 0.6266276045967473]"
main:googlenet_epoch01,5,all,Frh,"[0.4136014003284658, 0.3075600548689261, 0.5694735178173285]"
main:googlenet_epoch10,1,all,F0,[0.9189434293248533]
main:googlenet_epoch10,1,all,Fr,"[0.36315023062696244, 0.5024452551244687]"
main:googlenet_epoch10,1,all,Fhp,"[0.6402458504663668, 0.5487778138662825]"
main:googlenet_epoch10,1,all,Frhp,"[0.15509069341911885, 0.4327873554032752, 0.5335640808982021]"
main:googlenet_epoch10,1,all,Fh,"[0.7388320885117754, 0.6632337632735907]"
main:googlenet_epoch10,1,all,Frh,"[0.24304253660109257, 0.43904076998510033, 0.5986370116191817]"
main:googlenet_epoch10,2,all,F0,[0.9131435396870151]
main:googlenet_epoch10,2,all,Fr,"[0.3599950592030612, 0.5074818376346764]"
main:googlenet_epoch10,2,all,Fhp,"[0.5969766483201073, 0.5224427426189049]"
main:googlenet_epoch10,2,all,Frhp,"[0.150469437148108, 0.40121947004460645, 0.48401170091213974]"
main:googlenet_epoch10,2,all,Fh,"[0.7179324900469372, 0.6368166767822822]"
main:googlenet_epoch10,2,all,Frh,"[0.22973800868830818, 0.4391452244305619, 0.5635765680730074]"
main:googlenet_epoch10,3,all,F0,[0.9165153711587405]
main:googlenet_epoch10,3,all,Fr,"[0.373597599786081, 0.49116161093313704]"
main:googlenet_epoch10,3,all,Fhp,"[0.6144734941874122, 0.5394106127399887]"
main:googlenet_epoch10,3,all,Frhp,"[0.15550166762400985, 0.3999439424502078, 0.5110390706154722]"
main:googlenet_epoch10,3,all,Fh,"[0.7305555525818581, 0.6444854880722192]"
main:googlenet_epoch10,3,all,Frh,"[0.24835638409373084, 0.4310501016027485, 0.5909505159336403]"
main:googlenet_epoch10,4,all,F0,[0.9226665117016867]
main:googlenet_epoch10,4,all,Fr,"[0.38656291810969867, 0.485443000964772]"
main:googlenet_epoch10,4,all,Fhp,"[0.6269926045051097, 0.5326391286233603]"
main:googlenet_epoch10,4,all,Frhp,"[0.19749895884071592, 0.3817136563944621, 0.49797301786510884]"
main:googlenet_epoch10,4,all,Fh,"[0.7458250393028263, 0.6578626210205842]"
main:googlenet_epoch10,4,all,Frh,"[0.27858280884209874, 0.4116735835298123, 0.5869851694612818]"
main:googlenet_epoch10,5,all,F0,[0.9240356769993318]
main:googlenet_epoch10,5,all,Fr,"[0.364158389759929, 0.5078352700972895]"
main:googlenet_epoch10,5,all,Fhp,"[0.6236331411551989, 0.5222692118219947]"
main:googlenet_epoch10,5,all,Frhp,"[0.1526952588391864, 0.4135587907865754, 0.4855271527446354]"
main:googlenet_epoch10,5,all,Fh,"[0.7323158266431262, 0.6349561534013888]"
main:googlenet_epoch10,5,all,Frh,"[0.23638770249871627, 0.4448851607295138, 0.5688669677635154]"
main:resnet152_baseline,1,all,F0,[0.5790692580917158]
main:resnet152_baseline,1,all,Fr,"[0.3892851623458928, 0.2079540048502016]"
main:resnet152_baseline,1,all,Fhp,"[0.28663967555210784, 0.711053795045245]"
main:resnet152_baseline,1,all,Frhp,"[0.17683606316431869, 0.11781666328078948, 0.7031632916040628]"
main:resnet152_baseline,1,all,Fh,"[0.34455497015892284, 0.8678104403575007]"
main:resnet152_baseline,1,all,Frh,"[0.24282598959428897, 0.11997553512521963, 0.8565986825914658]"
main:resnet152_baseline,2,all,F0,[0.5836169287372595]
main:resnet152_baseline,2,all,Fr,"[0.37661633048692356, 0.2256105372664366]"
main:resnet152_baseline,2,all,Fhp,"[0.27119633293959183, 0.7008994856454891]"
main:resnet152_baseline,2,all,Frhp,"[0.1726189912798664, 0.11313048006145512, 0.6934960236955638]"
main:resnet152_baseline,2,all,Fh,"[0.3410373167239278, 0.8664807957810814]"
main:resnet152_baseline,2,all,Frh,"[0.2267262461322554, 0.13070319302131328, 0.8518600528286686]"
main:resnet152_baseline,3,all,F0,[0.5948199695971116]
main:resnet152_baseline,3,all,Fr,"[0.4009739469997783, 0.2116714160946756]"
main:resnet152_baseline,3,all,Fhp,"[0.2809800441329253, 0.7077165847679778]"
main:resnet152_baseline,3,all,Frhp,"[0.15474807915194866, 0.14168193734711132, 0.7013835581093659]"
main:resnet152_baseline,3,all,Fh,"[0.35251829679402413, 0.8600193554055486]"
main:resnet152_baseline,3,all,Frh,"[0.23889502914534155, 0.13395274915412592, 0.8470490194114306]"
main:resnet152_baseline,4,all,F0,[0.5955051177399553]
main:resnet152_baseline,4,all,Fr,"[0.4056085063497904, 0.20797541133596753]"
main:resnet152_baseline,4,all,Fhp,"[0.29513747381428496, 0.6982727295184888]"
main:resnet152_baseline,4,all,Frhp,"[0.18734588283120573, 0.11966870153871932, 0.6907992570930699]"
main:resnet152_baseline,4,all,Fh,"[0.3511972442707059, 0.8624785454443488]"
main:resnet152_baseline,4,all,Frh,"[0.2434899602397929, 0.1263862500190963, 0.8504339461047226]"
main:resnet152_baseline,5,all,F0,[0.5872294147667805]
main:resnet152_baseline,5,all,Fr,"[0.3933257434123811, 0.2114028456991047]"
main:resnet152_baseline,5,all,Fhp,"[0.2927527301160699, 0.696598497023262]"
main:resnet152_baseline,5,all,Frhp,"[0.18687949064268283, 0.12124857890534285, 0.6896842133043528]"
main:resnet152_baseline,5,all,Fh,"[0.35356828791248207, 0.8608208536953537]"
main:resnet152_baseline,5,all,Frh,"[0.24911729827146217, 0.12199397015457465, 0.8500460582193524]"
main:resnet152_epoch00,1,all,F0,[0.8070470067150838]
main:resnet152_epoch00,1,all,Fr,"[0.42332027767359937, 0.42044968938327215]"
main:resnet152_epoch00,1,all,Fhp,"[0.4823812025007317, 0.6107297816216297]"
main:resnet152_epoch00,1,all,Frhp,"[0.22703716375660898, 0.3139045742627238, 0.5707324087520511]"
main:resnet152_epoch00,1,all,Fh,"[0.5859176735702015, 0.7172395652439476]"
main:resnet152_epoch00,1,all,Frh,"[0.2884968117107449, 0.35139726758597867, 0.6541534327545127]"
main:resnet152_epoch00,2,all,F0,[0.7989459896697074]
main:resnet152_epoch00,2,all,Fr,"[0.4155549715529535, 0.42323411161637314]"
main:resnet152_epoch00,2,all,Fhp,"[0.4602092306831834, 0.5918572546049721]"
main:resnet152_epoch00,2,all,Frhp,"[0.2382094078792676, 0.2835064492727658, 0.5450672110530828]"
main:resnet152_epoch00,2,all,Fh,"[0.5736521767179699, 0.7120351572679082]"
main:resnet152_epoch00,2,all,Frh,"[0.28273429123568855, 0.3457767413361754, 0.6407309600573332]"
main:resnet152_epoch00,3,all,F0,[0.7872243376728543]
main:resnet152_epoch00,3,all,Fr,"[0.4053082551984778, 0.41512057504967204]"
main:resnet152_epoch00,3,all,Fhp,"[0.4641925757412433, 0.6144548561154097]"
main:resnet152_epoch00,3,all,Frhp,"[0.230117501682156, 0.2810205259534029, 0.5663954052158997]"
main:resnet152_epoch00,3,all,Fh,"[0.5741588417578825, 0.7222693701015142]"
main:resnet152_epoch00,3,all,Frh,"[0.27430466692221367, 0.34433814353998815, 0.6545896615792821]"
main:resnet152_epoch00,4,all,F0,[0.7866075351361622]
main:resnet152_epoch00,4,all,Fr,"[0.40313982561471645, 0.420040564823706]"
main:resnet152_epoch00,4,all,Fhp,"[0.45418708741735053, 0.6007315336390548]"
main:resnet152_epoch00,4,all,Frhp,"[0.2287021641763796, 0.28934357630530694, 0.5548996741758181]"
main:resnet152_epoch00,4,all,Fh,"[0.5614082883654702, 0.7212201910048084]"
main:resnet152_epoch00,4,all,Frh,"[0.26603957430303604, 0.35130052260049194, 0.6570133259742679]"
main:resnet152_epoch00,5,all,F0,[0.7902107146684215]
main:resnet152_epoch00,5,all,Fr,"[0.41537806051710224, 0.4166881673609811]"
main:resnet152_epoch00,5,all,Fhp,"[0.4748677248302533, 0.5980078086607415]"
main:resnet152_epoch00,5,all,Frhp,"[0.24301098931071544, 0.28272806146999396, 0.5469726408114692]"
main:resnet152_epoch00,5,all,Fh,"[0.5746145998760028, 0.7216199406701109]"
main:resnet152_epoch00,5,all,Frh,"[0.2884295318131434, 0.3424974421524087, 0.64885732380384]"
main:resnet152_epoch01,1,all,F0,[0.9086455366627398]
main:resnet152_epoch01,1,all,Fr,"[0.5192776284348588, 0.3811573122375994]"
main:resnet152_epoch01,1,all,Fhp,"[0.6401993288658305, 0.5548669930918604]"
main:resnet152_epoch01,1,all,Frhp,"[0.3464085706245921, 0.28450218617585316, 0.5132015434582813]"
main:resnet152_epoch01,1,all,Fh,"[0.7314081235376457, 0.6362135189554782]"
main:resnet152_epoch01,1,all,Frh,"[0.4051859645507529, 0.3188926244434944, 0.5848963086270376]"
main:resnet152_epoch01,2,all,F0,[0.8848021612278607]
main:resnet152_epoch01,2,all,Fr,"[0.47012432974918283, 0.4095794837424958]"
main:resnet152_epoch01,2,all,Fhp,"[0.5752738506320186, 0.5256656984443093]"
main:resnet152_epoch01,2,all,Frhp,"[0.27022157147732806, 0.3064316690190528, 0.48539679090209265]"
main:resnet152_epoch01,2,all,Fh,"[0.6909130088787014, 0.6162712962024803]"
main:resnet152_epoch01,2,all,Frh,"[0.3415640644311981, 0.3436461835698029, 0.5566897462976895]"
main:resnet152_epoch01,3,all,F0,[0.8984147679367301]
main:resnet152_epoch01,3,all,Fr,"[0.514252372104093, 0.3762350710546849]"
main:resnet152_epoch01,3,all,Fhp,"[0.5992554673670107, 0.5387595980987051]"
main:resnet152_epoch01,3,all,Frhp,"[0.3307233687825243, 0.26937853542674295, 0.49894316062856503]"
main:resnet152_epoch01,3,all,Fh,"[0.7093679610231176, 0.6180114175082754]"
main:resnet152_epoch01,3,all,Frh,"[0.3878652950033332, 0.3184417355923248, 0.5693905737177909]"
main:resnet152_epoch01,4,all,F0,[0.8977695752157125]
main:resnet152_epoch01,4,all,Fr,"[0.4966955090365456, 0.3887637620316551]"
main:resnet152_epoch01,4,all,Fhp,"[0.6185879455742218, 0.5309863629087632]"
main:resnet152_epoch01,4,all,Frhp,"[0.31871326652493426, 0.28474266723793756, 0.4896525957280846]"
main:resnet152_epoch01,4,all,Fh,"[0.7106750093270555, 0.623246128807492]"
main:resnet152_epoch01,4,all,Frh,"[0.3749354324574156, 0.32850656588645144, 0.5766491062823812]"
main:resnet152_epoch01,5,all,F0,[0.9010100102343614]
main:resnet152_epoch01,5,all,Fr,"[0.5130144566603376, 0.38279857948370893]"
main:resnet152_epoch01,5,all,Fhp,"[0.6247322689054506, 0.5286948455145156]"
main:resnet152_epoch01,5,all,Frhp,"[0.35201611700387214, 0.2688246608080854, 0.4864524263445965]"
main:resnet152_epoch01,5,all,Fh,"[0.7213808555890571, 0.6269979280098377]"
main:resnet152_epoch01,5,all,Frh,"[0.40138651645774315, 0.31408053903790073, 0.571512782236242]"
main:resnet152_epoch10,1,all,F0,[0.8512712428247837]
main:resnet152_epoch10,1,all,Fr,"[0.36175093035901545, 0.4970891749969377]"
main:resnet152_epoch10,1,all,Fhp,"[0.5884719965570945, 0.5645465616008033]"
main:resnet152_epoch10,1,all,Frhp,"[0.16402102015202444, 0.42918973178722564, 0.5407741635660652]"
main:resnet152_epoch10,1,all,Fh,"[0.6717354649640197, 0.6559851711791034]"
main:resnet152_epoch10,1,all,Frh,"[0.24119172838083125, 0.4354434869549647, 0.60060328431698]"
main:resnet152_epoch10,2,all,F0,[0.8507991982575469]
main:resnet152_epoch10,2,all,Fr,"[0.36414832789692614, 0.4986637773969333]"
main:resnet152_epoch10,2,all,Fhp,"[0.567811507607816, 0.5393823898293764]"
main:resnet152_epoch10,2,all,Frhp,"[0.1834903303073056, 0.38483806531796616, 0.4883660978983786]"
main:resnet152_epoch10,2,all,Fh,"[0.6648210969761126, 0.634326941931259]"
main:resnet152_epoch10,2,all,Frh,"[0.24217341237410692, 0.4270329861528098, 0.560391280872085]"
main:resnet152_epoch10,3,all,F0,[0.8583765356086894]
main:resnet152_epoch10,3,all,Fr,"[0.4076434633684411, 0.4636652262875065]"
main:resnet152_epoch10,3,all,Fhp,"[0.576349095275138, 0.548253135412196]"
main:resnet152_epoch10,3,all,Frhp,"[0.20732816089254386, 0.3711061714493081, 0.5134791667444516]"
main:resnet152_epoch10,3,all,Fh,"[0.6787263767404443, 0.6358084845196931]"
main:resnet152_epoch10,3,all,Frh,"[0.2806727145153449, 0.40656243328682407, 0.5867813959327353]"
main:resnet152_epoch10,4,all,F0,[0.851041081817455]
main:resnet152_epoch10,4,all,Fr,"[0.3763546435173943, 0.48416389932038867]"
main:resnet152_epoch10,4,all,Fhp,"[0.5709622482672673, 0.5402362992469286]"
main:resnet152_epoch10,4,all,Frhp,"[0.17299901370504195, 0.39442845712591335, 0.5029098035806381]"
main:resnet152_epoch10,4,all,Fh,"[0.6661295435251164, 0.6401004229953784]"
main:resnet152_epoch10,4,all,Frh,"[0.2521577310559494, 0.42054507817205755, 0.5804578258544892]"
main:resnet152_epoch10,5,all,F0,[0.8672546489121464]
main:resnet152_epoch10,5,all,Fr,"[0.4069849873741147, 0.47671225836448233]"
main:resnet152_epoch10,5,all,Fhp,"[0.5875375878187874, 0.5363290340603444]"
main:resnet152_epoch10,5,all,Frhp,"[0.2317452065925902, 0.35972835643965806, 0.48176241097828887]"
main:resnet152_epoch10,5,all,Fh,"[0.6826091558803176, 0.6343774945316218]"
main:resnet152_epoch10,5,all,Frh,"[0.28450981527126673, 0.41002225084193633, 0.567297068154595]"
main:vgg19_baseline,1,all,F0,[0.5414580759375919]
main:vgg19_baseline,1,all,Fr,"[0.2291380877968618, 0.33029552213218316]"
main:vgg19_baseline,1,all,Fhp,"[0.26934188999121905, 0.7286426561354523]"
main:vgg19_baseline,1,all,Frhp,"[0.1240185955293186, 0.16518058501038768, 0.7089535421583093]"
main:vgg19_baseline,1,all,Fh,"[0.30188586305528164, 0.8941584887657165]"
main:vgg19_baseline,1,all,Frh,"[0.14253411331500193, 0.1826743994864799, 0.8592866264909917]"
main:vgg19_baseline,2,all,F0,[0.5531100925037007]
main:vgg19_baseline,2,all,Fr,"[0.23618085418282903, 0.336168567772815]"
main:vgg19_baseline,2,all,Fhp,"[0.24754666196723002, 0.719714680920639]"
main:vgg19_baseline,2,all,Frhp,"[0.10117199679322936, 0.16994348787305835, 0.6998586108977705]"
main:vgg19_baseline,2,all,Fh,"[0.296239678384998, 0.8866443454422337]"
main:vgg19_baseline,2,all,Frh,"[0.13334214197880173, 0.1868669688133482, 0.8519891372567643]"
main:vgg19_baseline,3,all,F0,[0.5579009583870581]
main:vgg19_baseline,3,all,Fr,"[0.24071247507278798, 0.3345279134732616]"
main:vgg19_baseline,3,all,Fhp,"[0.2512146312459339, 0.728435911219317]"
main:vgg19_baseline,3,all,Frhp,"[0.07825636802791439, 0.20042788563506686, 0.710973216733015]"
main:vgg19_baseline,3,all,Fh,"[0.31368892510954993, 0.8894571573703727]"
main:vgg19_baseline,3,all,Frh,"[0.14189477365838488, 0.19541184372691547, 0.8543463973339425]"
main:vgg19_baseline,4,all,F0,[0.561389740577893]
main:vgg19_baseline,4,all,Fr,"[0.24827270591224404, 0.3307781393449288]"
main:vgg19_baseline,4,all,Fhp,"[0.27997467823157074, 0.71783746784363]"
main:vgg19_baseline,4,all,Frhp,"[0.11861712622193865, 0.18118043826276917, 0.6980291788453488]"
main:vgg19_baseline,4,all,Fh,"[0.3180204363217892, 0.8907068044999987]"
main:vgg19_baseline,4,all,Frh,"[0.15940286081619037, 0.18421253331155174, 0.8548175588828604]"
main:vgg19_baseline,5,all,F0,[0.5607579125657365]
main:vgg19_baseline,5,all,Fr,"[0.2544717005558794, 0.32211140558456464]"
main:vgg19_baseline,5,all,Fhp,"[0.26709130990677404, 0.7154283461254605]"
main:vgg19_baseline,5,all,Frhp,"[0.10708750229154117, 0.18147883581702778, 0.6980034751168358]"
main:vgg19_baseline,5,all,Fh,"[0.32351121654960174, 0.8868149589727482]"
main:vgg19_baseline,5,all,Frh,"[0.16500022900728029, 0.17730858591547727, 0.8547466358121387]"
main:vgg19_epoch00,1,all,F0,[0.9980401289264147]
main:vgg19_epoch00,1,all,Fr,"[0.5808659271617893, 0.3830202925923941]"
main:vgg19_epoch00,1,all,Fhp,"[0.6233468985037729, 0.6069121932736494]"
main:vgg19_epoch00,1,all,Frhp,"[0.33521519029647306, 0.29051162101785466, 0.568835076895891]"
main:vgg19_epoch00,1,all,Fh,"[0.7721453334313138, 0.716745719618789]"
main:vgg19_epoch00,1,all,Frh,"[0.4435122933250254, 0.30909469357660446, 0.6542807843113183]"
main:vgg19_epoch00,2,all,F0,[1.008129757704676]
main:vgg19_epoch00,2,all,Fr,"[0.6251370486421992, 0.36443676396582836]"
main:vgg19_epoch00,2,all,Fhp,"[0.6366016504747896, 0.5822235460760883]"
main:vgg19_epoch00,2,all,Frhp,"[0.3866657417390842, 0.24802224010702306, 0.5402949600066738]"
main:vgg19_epoch00,2,all,Fh,"[0.8058071429746185, 0.7026543429166657]"
main:vgg19_epoch00,2,all,Frh,"[0.5016230808203674, 0.27953133534538843, 0.6392870038972494]"
main:vgg19_epoch00,3,all,F0,[0.9986283797122762]
main:vgg19_epoch00,3,all,Fr,"[0.6016851273685035, 0.3564512306031556]"
main:vgg19_epoch00,3,all,Fhp,"[0.602565352808907, 0.5973091143415706]"
main:vgg19_epoch00,3,all,Frhp,"[0.3339978371043041, 0.26482429285274733, 0.563342840072939]"
main:vgg19_epoch00,3,all,Fh,"[0.7821450412026887, 0.7098344721465232]"
main:vgg19_epoch00,3,all,Frh,"[0.4629369333394037, 0.2862174651059985, 0.6502511818446757]"
main:vgg19_epoch00,4,all,F0,[0.9978150100258782]
main:vgg19_epoch00,4,all,Fr,"[0.5918551629297921, 0.3664300090134161]"
main:vgg19_epoch00,4,all,Fhp,"[0.6159522007163525, 0.5904151797080798]"
main:vgg19_epoch00,4,all,Frhp,"[0.358070845046611, 0.26203961196625697, 0.5515238307501602]"
main:vgg19_epoch00,4,all,Fh,"[0.776472692568418, 0.7125987040584546]"
main:vgg19_epoch00,4,all,Frh,"[0.4647300241181733, 0.2904942271287886, 0.6540086141065531]"
main:vgg19_epoch00,5,all,F0,[0.9982783849162741]
main:vgg19_epoch00,5,all,Fr,"[0.6226214867769713, 0.3511017217946685]"
main:vgg19_epoch00,5,all,Fhp,"[0.6128707560897216, 0.5789155937261319]"
main:vgg19_epoch00,5,all,Frhp,"[0.3618802956594247, 0.251492068002947, 0.5409364248434364]"
main:vgg19_epoch00,5,all,Fh,"[0.7868055431218242, 0.7046224549728979]"
main:vgg19_epoch00,5,all,Frh,"[0.48422477616539594, 0.28081448549045784, 0.6463275982805115]"
main:vgg19_epoch01,1,all,F0,[0.9884153838669623]
main:vgg19_epoch01,1,all,Fr,"[0.7090388065337967, 0.253007897507422]"
main:vgg19_epoch01,1,all,Fhp,"[0.7333467087059402, 0.5086945927696717]"
main:vgg19_epoch01,1,all,Frhp,"[0.5344466892656263, 0.1821838286005454, 0.49386668230302555]"
main:vgg19_epoch01,1,all,Fh,"[0.8331376778407724, 0.6218376941609687]"
main:vgg19_epoch01,1,all,Frh,"[0.6021570680330379, 0.20632502679987186, 0.5900090729270864]"
main:vgg19_epoch01,2,all,F0,[0.9955193244162558]
main:vgg19_epoch01,2,all,Fr,"[0.7247714464890078, 0.24581765638939812]"
main:vgg19_epoch01,2,all,Fhp,"[0.7094055120405434, 0.4719375968759832]"
main:vgg19_epoch01,2,all,Frhp,"[0.5270965525201361, 0.16836185473530613, 0.4567160203703893]"
main:vgg19_epoch01,2,all,Fh,"[0.8272161770568135, 0.587157428170747]"
main:vgg19_epoch01,2,all,Frh,"[0.616352568414149, 0.19273127713816646, 0.5603890986101039]"
main:vgg19_epoch01,3,all,F0,[0.997814307083508]
main:vgg19_epoch01,3,all,Fr,"[0.7504524590194965, 0.22615170341736784]"
main:vgg19_epoch01,3,all,Fhp,"[0.7304630500058793, 0.49040361154921297]"
main:vgg19_epoch01,3,all,Frhp,"[0.5658486684670083, 0.14962702569367983, 0.4761982986550817]"
main:vgg19_epoch01,3,all,Fh,"[0.8506552534263946, 0.6050454938021066]"
main:vgg19_epoch01,3,all,Frh,"[0.6459055855866687, 0.17845606399298536, 0.573887255971061]"
main:vgg19_epoch01,4,all,F0,[0.9973171427170715]
main:vgg19_epoch01,4,all,Fr,"[0.7406598527433593, 0.22985386638944005]"
main:vgg19_epoch01,4,all,Fhp,"[0.7262235748586232, 0.4834904291687992]"
main:vgg19_epoch01,4,all,Frhp,"[0.549180595057038, 0.15650287913747302, 0.4705272586513175]"
main:vgg19_epoch01,4,all,Fh,"[0.846927544164677, 0.6172377986400842]"
main:vgg19_epoch01,4,all,Frh,"[0.6364732804871347, 0.18369082358658562, 0.5913299953727356]"
main:vgg19_epoch01,5,all,F0,[0.9978211150507538]
main:vgg19_epoch01,5,all,Fr,"[0.7538715812427049, 0.22847388640884306]"
main:vgg19_epoch01,5,all,Fhp,"[0.7452507275053346, 0.4792831128134727]"
main:vgg19_epoch01,5,all,Frhp,"[0.5871824614979257, 0.1442559231692259, 0.4636158257317582]"
main:vgg19_epoch01,5,all,Fh,"[0.8430162510396672, 0.5934005543200236]"
main:vgg19_epoch01,5,all,Frh,"[0.6449078404783408, 0.17895890310404694, 0.56799408981914]"
main:vgg19_epoch10,1,all,F0,[0.9978129280450716]
main:vgg19_epoch10,1,all,Fr,"[0.7814012116114659, 0.20909010446387732]"
main:vgg19_epoch10,1,all,Fhp,"[0.7840028306037898, 0.49076892032367536]"
main:vgg19_epoch10,1,all,Frhp,"[0.5583505486769018, 0.19534593981527393, 0.48074153665395525]"
main:vgg19_epoch10,1,all,Fh,"[0.8730674837180141, 0.5980795581441265]"
main:vgg19_epoch10,1,all,Frh,"[0.6772107772308922, 0.17726145699138252, 0.5784829638601029]"
main:vgg19_epoch10,2,all,F0,[0.9978532712643721]
main:vgg19_epoch10,2,all,Fr,"[0.8121933543449096, 0.1856188392485156]"
main:vgg19_epoch10,2,all,Fhp,"[0.7731401911317332, 0.44697419833974045]"
main:vgg19_epoch10,2,all,Frhp,"[0.6145535486709526, 0.13370480379633395, 0.4330739849497576]"
main:vgg19_epoch10,2,all,Fh,"[0.8761677538831194, 0.5572140532044985]"
main:vgg19_epoch10,2,all,Frh,"[0.7139361637302946, 0.14371766847808065, 0.5373493353801125]"
main:vgg19_epoch10,3,all,F0,[0.9978121788133482]
main:vgg19_epoch10,3,all,Fr,"[0.7812806367309646, 0.20678032990943648]"
main:vgg19_epoch10,3,all,Fhp,"[0.7644709539518146, 0.4731244926527326]"
main:vgg19_epoch10,3,all,Frhp,"[0.5635551230957501, 0.1705357271898599, 0.45815638848170237]"
main:vgg19_epoch10,3,all,Fh,"[0.8679124472822825, 0.5811658451868598]"
main:vgg19_epoch10,3,all,Frh,"[0.6738214693205304, 0.17366284573662705, 0.5605306596572974]"
main:vgg19_epoch10,4,all,F0,[0.9930861538532155]
main:vgg19_epoch10,4,all,Fr,"[0.7654945141514906, 0.21322469446816877]"
main:vgg19_epoch10,4,all,Fhp,"[0.7805769705637096, 0.47605622835638367]"
main:vgg19_epoch10,4,all,Frhp,"[0.6257960642867277, 0.15095150550019776, 0.47124361305775064]"
main:vgg19_epoch10,4,all,Fh,"[0.8693472437434786, 0.5996858364049625]"
main:vgg19_epoch10,4,all,Frh,"[0.6744259284441029, 0.1685079571039666, 0.5718345922210908]"
main:vgg19_epoch10,5,all,F0,[0.9978125309547645]
main:vgg19_epoch10,5,all,Fr,"[0.7893482918347907, 0.20415863058301756]"
main:vgg19_epoch10,5,all,Fhp,"[0.7612758391007872, 0.44956019875852193]"
main:vgg19_epoch10,5,all,Frhp,"[0.6025371305463928, 0.14788528613633772, 0.4389820464995249]"
main:vgg19_epoch10,5,all,Fh,"[0.8631888091287315, 0.568391749814607]"
main:vgg19_epoch10,5,all,Frh,"[0.6876298865713812, 0.16048854370507676, 0.5497451267132463]"
R1_uniform_c,1,all,F0,[0.9978129280450716]
R1_uniform_c,1,all,Fr,"[0.7814012116114659, 0.20909010446387732]"
R1_uniform_c,1,all,Fhp,"[0.7767972009035019, 0.4966123074280719]"
R1_uniform_c,1,all,Frhp,"[0.5902814661829323, 0.18604417614342927, 0.49410103523511195]"
R1_uniform_c,1,all,Fh,"[0.9118536373930928, 0.6615271686728701]"
R1_uniform_c,1,all,Frh,"[0.6986919263566536, 0.20432045639840452, 0.6592871025559105]"
R1_uniform_c,2,all,F0,[0.9978532712643721]
R1_uniform_c,2,all,Fr,"[0.8121933543449096, 0.1856188392485156]"
R1_uniform_c,2,all,Fhp,"[0.7808410009161391, 0.45472009182114126]"
R1_uniform_c,2,all,Frhp,"[0.6353751719868949, 0.12743680186034445, 0.4406035059300413]"
R1_uniform_c,2,all,Fh,"[0.9235010313571275, 0.6295091713823382]"
R1_uniform_c,2,all,Frh,"[0.7454887828080188, 0.1658769667483953, 0.6245472502583654]"
R1_uniform_c,3,all,F0,[0.9978121788133482]
R1_uniform_c,3,all,Fr,"[0.7812806367309646, 0.20678032990943648]"
R1_uniform_c,3,all,Fhp,"[0.7758355347550986, 0.47695984234333155]"
R1_uniform_c,3,all,Frhp,"[0.6273984957586515, 0.14592449198743618, 0.46756998532274296]"
R1_uniform_c,3,all,Fh,"[0.9031293193410985, 0.6291892723851205]"
R1_uniform_c,3,all,Frh,"[0.7059406358826341, 0.19265577505495762, 0.6283522741077322]"
R1_uniform_c,4,all,F0,[0.9930861538532155]
R1_uniform_c,4,all,Fr,"[0.7654945141514906, 0.21322469446816877]"
R1_uniform_c,4,all,Fhp,"[0.776580526299186, 0.4763883878027132]"
R1_uniform_c,4,all,Frhp,"[0.6309287759183855, 0.1317927852691322, 0.4598757696085861]"
R1_uniform_c,4,all,Fh,"[0.9041538552459909, 0.6427143690898622]"
R1_uniform_c,4,all,Frh,"[0.7002223665244232, 0.1925968443319755, 0.6382318338260069]"
R1_uniform_c,5,all,F0,[0.9978125309547645]
R1_uniform_c,5,all,Fr,"[0.7893482918347907, 0.20415863058301756]"
R1_uniform_c,5,all,Fhp,"[0.7668256983948455, 0.4598319244946207]"
R1_uniform_c,5,all,Frhp,"[0.6182917840450848, 0.13850394075657668, 0.446318001349882]"
R1_uniform_c,5,all,Fh,"[0.9011756240433413, 0.6199252296756527]"
R1_uniform_c,5,all,Frh,"[0.7084857660977746, 0.18407715673102498, 0.6170990471938029]"
R2_brier,1,all,F0,[0.9255296762697317]
R2_brier,1,all,Fr,"[0.7003512397768046, 0.19702157575612197]"
R2_brier,1,all,Fhp,"[0.7393340729431006, 0.49679814103780817]"
R2_brier,1,all,Frhp,"[0.5342947481352114, 0.21943714110731355, 0.5268196916188705]"
R2_brier,1,all,Fh,"[0.8248401168484067, 0.6460432532925637]"
R2_brier,1,all,Frh,"[0.6744876103586805, 0.15107632146402106, 0.6442015611356138]"
R2_brier,2,all,F0,[0.9511120432791829]
R2_brier,2,all,Fr,"[0.7471185775099981, 0.1816111789741342]"
R2_brier,2,all,Fhp,"[0.7663860720013234, 0.46794578793852476]"
R2_brier,2,all,Frhp,"[0.6239900241955973, 0.12229816180944084, 0.4639469642344556]"
R2_brier,2,all,Fh,"[0.8276927402175472, 0.6059430733655236]"
R2_brier,2,all,Frh,"[0.705981396900856, 0.11043775576634345, 0.5915639769179906]"
R2_brier,3,all,F0,[0.9065040294212539]
R2_brier,3,all,Fr,"[0.6760589362747687, 0.20357173786604046]"
R2_brier,3,all,Fhp,"[0.745410422076688, 0.4840489656490632]"
R2_brier,3,all,Frhp,"[0.5958919202134145, 0.18753801977690265, 0.5109435581393669]"
R2_brier,3,all,Fh,"[0.8368548706706189, 0.6538981025260916]"
R2_brier,3,all,Frh,"[0.6822518187827069, 0.1488899671657956, 0.6458699647375332]"
R2_brier,4,all,F0,[0.8969898426164208]
R2_brier,4,all,Fr,"[0.6573950899859187, 0.2162624130104776]"
R2_brier,4,all,Fhp,"[0.783133638923039, 0.4984120963691273]"
R2_brier,4,all,Frhp,"[0.6358915524930417, 0.170276563092495, 0.5189474027082404]"
R2_brier,4,all,Fh,"[0.8253239476541077, 0.669728571542822]"
R2_brier,4,all,Frh,"[0.6722419129694395, 0.13980750722964463, 0.6494487018130976]"
R2_brier,5,all,F0,[0.9103195530370087]
R2_brier,5,all,Fr,"[0.6697823864802257, 0.20945759900734742]"
R2_brier,5,all,Fhp,"[0.7155617136256973, 0.4645312229987004]"
R2_brier,5,all,Frhp,"[0.5792173913249441, 0.13848485887905015, 0.46646016012510794]"
R2_brier,5,all,Fh,"[0.8333455669476026, 0.6520027290072927]"
R2_brier,5,all,Frh,"[0.6862622922992669, 0.1294580723804777, 0.6349069319387864]"
R3_ref_all19,1,all,F0,[0.9978129280450716]
R3_ref_all19,1,all,Fr,"[0.907014814978035, 0.0907410270793336]"
R3_ref_all19,1,all,Fhp,"[0.7840028306037898, 0.49076892032367536]"
R3_ref_all19,1,all,Frhp,"[0.730418328938621, 0.055413590599000584, 0.4891183831755237]"
R3_ref_all19,1,all,Fh,"[0.8730674837180141, 0.5980795581441265]"
R3_ref_all19,1,all,Frh,"[0.8122292347878904, 0.056758788855761556, 0.591814394956495]"
R3_ref_all19,2,all,F0,[0.9978532712643721]
R3_ref_all19,2,all,Fr,"[0.9276170322161427, 0.07019814331235955]"
R3_ref_all19,2,all,Fhp,"[0.7731401911317332, 0.44697419833974045]"
R3_ref_all19,2,all,Frhp,"[0.7461969407449313, 0.026228611277197552, 0.4454531522102078]"
R3_ref_all19,2,all,Fh,"[0.8761677538831194, 0.5572140532044985]"
R3_ref_all19,2,all,Frh,"[0.8420952151594794, 0.03187927436634329, 0.5543716928761312]"
R3_ref_all19,3,all,F0,[0.9978121788133482]
R3_ref_all19,3,all,Fr,"[0.9096644479538316, 0.0862873723215526]"
R3_ref_all19,3,all,Fhp,"[0.7644709539518146, 0.4731244926527326]"
R3_ref_all19,3,all,Frhp,"[0.7286778235224975, 0.03720445794826928, 0.47060317759187253]"
R3_ref_all19,3,all,Fh,"[0.8679124472822825, 0.5811658451868598]"
R3_ref_all19,3,all,Frh,"[0.810923713945902, 0.053075777253153655, 0.5755070452217621]"
R3_ref_all19,4,all,F0,[0.9930861538532155]
R3_ref_all19,4,all,Fr,"[0.8932495607760477, 0.09564747182803973]"
R3_ref_all19,4,all,Fhp,"[0.7805769705637096, 0.47605622835638367]"
R3_ref_all19,4,all,Frhp,"[0.7429044069362105, 0.03866243909468747, 0.4734190555265686]"
R3_ref_all19,4,all,Fh,"[0.8693472437434786, 0.5996858364049625]"
R3_ref_all19,4,all,Frh,"[0.8114120739385748, 0.05416600957551926, 0.5923922792139896]"
R3_ref_all19,5,all,F0,[0.9978125309547645]
R3_ref_all19,5,all,Fr,"[0.9205848196242656, 0.07722736215336864]"
R3_ref_all19,5,all,Fhp,"[0.7612758391007872, 0.44956019875852193]"
R3_ref_all19,5,all,Frhp,"[0.7361774397495493, 0.026401982505310805, 0.44785141515817295]"
R3_ref_all19,5,all,Fh,"[0.8631888091287315, 0.568391749814607]"
R3_ref_all19,5,all,Frh,"[0.8171621245896492, 0.043776677059111334, 0.5643214304292967]"
R4_weights_per_noise,1,80,F0,[0.9966126588060451]
R4_weights_per_noise,1,80,Fr,"[0.7485310575240453, 0.2379075632319306]"
R4_weights_per_noise,1,80,Fhp,"[0.6532960599465009, 0.621386522814641]"
R4_weights_per_noise,1,80,Frhp,"[0.366208632417205, 0.31199684508276737, 0.645194986957697]"
R4_weights_per_noise,1,80,Fh,"[0.8174574424893476, 0.680407051998986]"
R4_weights_per_noise,1,80,Frh,"[0.6015601982892147, 0.20773908008054415, 0.6725149019778083]"
R4_weights_per_noise,1,95,F0,[0.9978128260990118]
R4_weights_per_noise,1,95,Fr,"[0.7653817272307698, 0.22860522569693004]"
R4_weights_per_noise,1,95,Fhp,"[0.727345867891757, 0.5404355561543281]"
R4_weights_per_noise,1,95,Frhp,"[0.5292917208763783, 0.22362619679234813, 0.5551649987055319]"
R4_weights_per_noise,1,95,Fh,"[0.8397284153148228, 0.6272814501150212]"
R4_weights_per_noise,1,95,Frh,"[0.6227383146237092, 0.19263442993930602, 0.6055992084917692]"
R4_weights_per_noise,1,110,F0,[0.9979017201112241]
R4_weights_per_noise,1,110,Fr,"[0.7813119415705221, 0.21650202196047003]"
R4_weights_per_noise,1,110,Fhp,"[0.7815063507203297, 0.4934070988880274]"
R4_weights_per_noise,1,110,Frhp,"[0.6073219293146508, 0.1641009704933225, 0.4878258412790585]"
R4_weights_per_noise,1,110,Fh,"[0.89289904908515, 0.6055895066104238]"
R4_weights_per_noise,1,110,Frh,"[0.6943438749462818, 0.17093099436048004, 0.5697892121960499]"
R4_weights_per_noise,1,125,F0,[0.9902272474707285]
R4_weights_per_noise,1,125,Fr,"[0.7958182045292819, 0.18044555005063032]"
R4_weights_per_noise,1,125,Fhp,"[0.8506387037140911, 0.4078619938670585]"
R4_weights_per_noise,1,125,Frhp,"[0.6581351187855755, 0.1751850131685669, 0.4079428665592354]"
R4_weights_per_noise,1,125,Fh,"[0.9072646778734048, 0.49408864108031314]"
R4_weights_per_noise,1,125,Frh,"[0.7160133810790528, 0.16773648164112676, 0.4761618576075849]"
R4_weights_per_noise,2,80,F0,[0.9978218330565538]
R4_weights_per_noise,2,80,Fr,"[0.7830628458200699, 0.21474927970864222]"
R4_weights_per_noise,2,80,Fhp,"[0.6741744902779638, 0.6016675810009138]"
R4_weights_per_noise,2,80,Frhp,"[0.5249294966518093, 0.18980783674300206, 0.6261793449128339]"
R4_weights_per_noise,2,80,Fh,"[0.8297185747039957, 0.6512168475223866]"
R4_weights_per_noise,2,80,Frh,"[0.6611322637847483, 0.15425706529453936, 0.6414681999222464]"
R4_weights_per_noise,2,95,F0,[0.997827838902053]
R4_weights_per_noise,2,95,Fr,"[0.7881009354039583, 0.20971147697057343]"
R4_weights_per_noise,2,95,Fhp,"[0.7283525458975428, 0.49483652508747566]"
R4_weights_per_noise,2,95,Frhp,"[0.5117050385550321, 0.1809124454491432, 0.4849844346241672]"
R4_weights_per_noise,2,95,Fh,"[0.8256094498431239, 0.5811073085015314]"
R4_weights_per_noise,2,95,Frh,"[0.6399603800001379, 0.1614599476146939, 0.5531542895668127]"
R4_weights_per_noise,2,110,F0,[0.9980364916287354]
R4_weights_per_noise,2,110,Fr,"[0.8070347833421945, 0.19079929292219727]"
R4_weights_per_noise,2,110,Fhp,"[0.757522083576029, 0.452662514731994]"
R4_weights_per_noise,2,110,Frhp,"[0.5768335199543593, 0.1485731357707221, 0.44010135640978354]"
R4_weights_per_noise,2,110,Fh,"[0.8818959233100983, 0.5372393860627592]"
R4_weights_per_noise,2,110,Frh,"[0.7217721196259241, 0.15110626693037693, 0.5204502728849143]"
R4_weights_per_noise,2,125,F0,[0.9978500789990293]
R4_weights_per_noise,2,125,Fr,"[0.8292217133072833, 0.1566380146451294]"
R4_weights_per_noise,2,125,Fhp,"[0.8390553283323303, 0.3659338153660553]"
R4_weights_per_noise,2,125,Frhp,"[0.7197487394984063, 0.10908100091175721, 0.3551085353548289]"
R4_weights_per_noise,2,125,Fh,"[0.9165158115042987, 0.4717978056214759]"
R4_weights_per_noise,2,125,Frh,"[0.7611342438310071, 0.13173466013384766, 0.4467248021815679]"
R4_weights_per_noise,3,80,F0,[0.9914181442538719]
R4_weights_per_noise,3,80,Fr,"[0.7555850391733336, 0.22711234288718482]"
R4_weights_per_noise,3,80,Fhp,"[0.6023050966384146, 0.57675360837524]"
R4_weights_per_noise,3,80,Frhp,"[0.3627786121727703, 0.2908907750262808, 0.6181621475567409]"
R4_weights_per_noise,3,80,Fh,"[0.8123026604861543, 0.6733885560102106]"
R4_weights_per_noise,3,80,Frh,"[0.6052796642082268, 0.19702800258957193, 0.6657687757328541]"
R4_weights_per_noise,3,95,F0,[0.9978121334851682]
R4_weights_per_noise,3,95,Fr,"[0.760425996877393, 0.23160525808346305]"
R4_weights_per_noise,3,95,Fhp,"[0.7137009216461003, 0.5420509750686829]"
R4_weights_per_noise,3,95,Frhp,"[0.5234359703356972, 0.2339420829484236, 0.562073020626204]"
R4_weights_per_noise,3,95,Fh,"[0.8342440898228691, 0.620882667334374]"
R4_weights_per_noise,3,95,Frh,"[0.6284243071114856, 0.2021952664863662, 0.6186697546826703]"
R4_weights_per_noise,3,110,F0,[0.9978196376506165]
R4_weights_per_noise,3,110,Fr,"[0.7725122387176139, 0.22529983664574088]"
R4_weights_per_noise,3,110,Fhp,"[0.7630501212637302, 0.47541892622683735]"
R4_weights_per_noise,3,110,Frhp,"[0.617617378311581, 0.15553509831032222, 0.474954232053304]"
R4_weights_per_noise,3,110,Fh,"[0.8644692298291704, 0.5568189095106569]"
R4_weights_per_noise,3,110,Frh,"[0.6702115089342481, 0.18093425633113702, 0.5323441928722409]"
R4_weights_per_noise,3,125,F0,[0.9978216559690094]
R4_weights_per_noise,3,125,Fr,"[0.8117472332286215, 0.1706463751360719]"
R4_weights_per_noise,3,125,Fhp,"[0.8378515297634687, 0.3872961130716539]"
R4_weights_per_noise,3,125,Frhp,"[0.6893663459931945, 0.136380395929393, 0.38095009865121443]"
R4_weights_per_noise,3,125,Fh,"[0.919401361762517, 0.48268655252412396]"
R4_weights_per_noise,3,125,Frh,"[0.7402111831263475, 0.15150616219164362, 0.46068622753879934]"
R4_weights_per_noise,4,80,F0,[0.9941603188684659]
R4_weights_per_noise,4,80,Fr,"[0.7487726697305049, 0.23062333241442323]"
R4_weights_per_noise,4,80,Fhp,"[0.7988646176753051, 0.6477124303353388]"
R4_weights_per_noise,4,80,Frhp,"[0.6234134800464574, 0.1724278609265843, 0.640099504382701]"
R4_weights_per_noise,4,80,Fh,"[0.8321791660160114, 0.67597003999237]"
R4_weights_per_noise,4,80,Frh,"[0.6586351872532412, 0.14941969539882832, 0.6516742590522491]"
R4_weights_per_noise,4,95,F0,[0.9873035015850871]
R4_weights_per_noise,4,95,Fr,"[0.7422653185189214, 0.23362260579113242]"
R4_weights_per_noise,4,95,Fhp,"[0.8007081670782977, 0.5816419036848828]"
R4_weights_per_noise,4,95,Frhp,"[0.6566833349934929, 0.21997992751695772, 0.6342214394662449]"
R4_weights_per_noise,4,95,Fh,"[0.8322667709121596, 0.6457239530560362]"
R4_weights_per_noise,4,95,Frh,"[0.6296921763793364, 0.17822363303797145, 0.6232563397915044]"
R4_weights_per_noise,4,110,F0,[0.9978144855693467]
R4_weights_per_noise,4,110,Fr,"[0.764855918596443, 0.22305987781186293]"
R4_weights_per_noise,4,110,Fhp,"[0.7686581617068244, 0.4713351418467877]"
R4_weights_per_noise,4,110,Frhp,"[0.6255529512765396, 0.14533460527112757, 0.4690128392014674]"
R4_weights_per_noise,4,110,Fh,"[0.8629612929952469, 0.5843887749893162]"
R4_weights_per_noise,4,110,Frh,"[0.6666825888458259, 0.17480553750629163, 0.5558811033011917]"
R4_weights_per_noise,4,125,F0,[0.9912280623518295]
R4_weights_per_noise,4,125,Fr,"[0.7852201088042209, 0.1881677790370992]"
R4_weights_per_noise,4,125,Fhp,"[0.8353877462619552, 0.3806943852691928]"
R4_weights_per_noise,4,125,Frhp,"[0.6596086308946469, 0.15129971106965573, 0.36634189530587946]"
R4_weights_per_noise,4,125,Fh,"[0.9134788201228556, 0.49607947429517496]"
R4_weights_per_noise,4,125,Frh,"[0.7157168590815695, 0.16684959893531465, 0.46688587641977625]"
R4_weights_per_noise,5,80,F0,[0.9978120918811366]
R4_weights_per_noise,5,80,Fr,"[0.7423369399067257, 0.24405285103824115]"
R4_weights_per_noise,5,80,Fhp,"[0.6610309733491505, 0.6298510381107002]"
R4_weights_per_noise,5,80,Frhp,"[0.47543599482915255, 0.18880771023182147, 0.6200741615262444]"
R4_weights_per_noise,5,80,Fh,"[0.8057884713919184, 0.6682969169187212]"
R4_weights_per_noise,5,80,Frh,"[0.6179031496122875, 0.1728128355429498, 0.6542868186761632]"
R4_weights_per_noise,5,95,F0,[0.9978121337992362]
R4_weights_per_noise,5,95,Fr,"[0.7543180683528681, 0.23911924540779772]"
R4_weights_per_noise,5,95,Fhp,"[0.7349041479280907, 0.5334081262255799]"
R4_weights_per_noise,5,95,Frhp,"[0.5320076712163719, 0.20207956933996168, 0.5306094124281382]"
R4_weights_per_noise,5,95,Fh,"[0.8255839479988816, 0.6198193174887606]"
R4_weights_per_noise,5,95,Frh,"[0.6061416352920717, 0.19167499815190092, 0.5939251014117852]"
R4_weights_per_noise,5,110,F0,[0.9978408225862522]
R4_weights_per_noise,5,110,Fr,"[0.7790652362601234, 0.21874961329252837]"
R4_weights_per_noise,5,110,Fhp,"[0.7831997722130682, 0.45249229541458985]"
R4_weights_per_noise,5,110,Frhp,"[0.634014954834835, 0.16353818014144295, 0.4546048973726671]"
R4_weights_per_noise,5,110,Fh,"[0.874925208378082, 0.5469251950911064]"
R4_weights_per_noise,5,110,Frh,"[0.6888214076305036, 0.17608071400593234, 0.5252302158912355]"
R4_weights_per_noise,5,125,F0,[0.9978158914996703]
R4_weights_per_noise,5,125,Fr,"[0.8260684831608218, 0.15950235459479734]"
R4_weights_per_noise,5,125,Fhp,"[0.8238420468701833, 0.342276679287243]"
R4_weights_per_noise,5,125,Frhp,"[0.6951666467506034, 0.11922197459098029, 0.3332086035949108]"
R4_weights_per_noise,5,125,Fh,"[0.9137964489836942, 0.45907909182422596]"
R4_weights_per_noise,5,125,Frh,"[0.7593535071288959, 0.13700814977073986, 0.4404874480614402]"
R7_alpha1,1,all,F0,[0.9978129280450716]
R7_alpha1,1,all,Fr,"[0.7814012116114659, 0.20909010446387732]"
R7_alpha1,1,all,Fhp,"[0.7739968207064736, 0.5296301267319423]"
R7_alpha1,1,all,Frhp,"[0.5854161344781994, 0.18941216768445346, 0.5325764017647823]"
R7_alpha1,1,all,Fh,"[0.8836243334389804, 0.8521325218973484]"
R7_alpha1,1,all,Frh,"[0.6816823744574616, 0.18668520445476397, 0.8371334809413751]"
R7_alpha1,2,all,F0,[0.9978532712643721]
R7_alpha1,2,all,Fr,"[0.8121933543449096, 0.1856188392485156]"
R7_alpha1,2,all,Fhp,"[0.7575837718365659, 0.48401118070230426]"
R7_alpha1,2,all,Frhp,"[0.6040950204644417, 0.1340094999908474, 0.4718890529002884]"
R7_alpha1,2,all,Fh,"[0.8840430913055902, 0.7967882889807197]"
R7_alpha1,2,all,Frh,"[0.7208358897201659, 0.15055376280013485, 0.7838293378379895]"
R7_alpha1,3,all,F0,[0.9978121788133482]
R7_alpha1,3,all,Fr,"[0.7812806367309646, 0.20678032990943648]"
R7_alpha1,3,all,Fhp,"[0.7484041237633889, 0.5143270540556639]"
R7_alpha1,3,all,Frhp,"[0.5923466433485465, 0.17412769259351252, 0.524716753623383]"
R7_alpha1,3,all,Fh,"[0.879479844799786, 0.8283749619484052]"
R7_alpha1,3,all,Frh,"[0.6818313591548982, 0.18160347872451665, 0.8121592645243929]"
R7_alpha1,4,all,F0,[0.9930861538532155]
R7_alpha1,4,all,Fr,"[0.7654945141514906, 0.21322469446816877]"
R7_alpha1,4,all,Fhp,"[0.7887065338163806, 0.526286442525006]"
R7_alpha1,4,all,Frhp,"[0.6231359888902688, 0.15102537569374208, 0.5165092053581642]"
R7_alpha1,4,all,Fh,"[0.8795339058924689, 0.8481305937682202]"
R7_alpha1,4,all,Frh,"[0.6842624250460556, 0.1756327115701885, 0.8271887045300502]"
R7_alpha1,5,all,F0,[0.9978125309547645]
R7_alpha1,5,all,Fr,"[0.7893482918347907, 0.20415863058301756]"
R7_alpha1,5,all,Fhp,"[0.7473353905289744, 0.4832874734560136]"
R7_alpha1,5,all,Frhp,"[0.587806350484418, 0.14914533092523646, 0.47240496752749783]"
R7_alpha1,5,all,Fh,"[0.8722635578213555, 0.803677585704669]"
R7_alpha1,5,all,Frh,"[0.6878050869667737, 0.16731002447083293, 0.7814116452757845]"
