design,condition,ai_level,confidence,human_label,n,P_true_airplane,P_true_bear,P_true_bicycle,P_true_bird,P_true_boat,P_true_bottle,P_true_car,P_true_cat,P_true_chair,P_true_clock,P_true_dog,P_true_elephant,P_true_keyboard,P_true_knife,P_true_oven,P_true_truck
sequential,unassisted,all,low,airplane,224,0.22083333333333333,0.0375,0.06666666666666667,0.0375,0.09166666666666666,0.058333333333333334,0.05,0.07083333333333333,0.05,0.04583333333333333,0.041666666666666664,0.05416666666666667,0.08333333333333333,0.058333333333333334,0.008333333333333333,0.025
sequential,unassisted,all,low,bear,313,0.02127659574468085,0.20364741641337386,0.0243161094224924,0.0729483282674772,0.0364741641337386,0.08206686930091185,0.0547112462006079,0.02127659574468085,0.08206686930091185,0.0425531914893617,0.09422492401215805,0.0972644376899696,0.0364741641337386,0.0243161094224924,0.03951367781155015,0.0668693009118541
sequential,unassisted,all,low,bicycle,151,0.059880239520958084,0.011976047904191617,0.32335329341317365,0.029940119760479042,0.08383233532934131,0.023952095808383235,0.0658682634730539,0.03592814371257485,0.05389221556886228,0.011976047904191617,0.05389221556886228,0.0718562874251497,0.0658682634730539,0.03592814371257485,0.017964071856287425,0.05389221556886228
sequential,unassisted,all,low,bird,190,0.05339805825242718,0.06796116504854369,0.05339805825242718,0.2766990291262136,0.043689320388349516,0.043689320388349516,0.02912621359223301,0.04854368932038835,0.024271844660194174,0.02912621359223301,0.11165048543689321,0.04854368932038835,0.06310679611650485,0.04854368932038835,0.03398058252427184,0.024271844660194174
sequential,unassisted,all,low,boat,574,0.08644067796610169,0.07457627118644068,0.04745762711864407,0.06949152542372881,0.16610169491525423,0.059322033898305086,0.0576271186440678,0.02711864406779661,0.061016949152542375,0.04745762711864407,0.06271186440677966,0.025423728813559324,0.05254237288135593,0.05084745762711865,0.05593220338983051,0.05593220338983051
sequential,unassisted,all,low,bottle,312,0.051829268292682924,0.04573170731707317,0.036585365853658534,0.057926829268292686,0.039634146341463415,0.24085365853658536,0.042682926829268296,0.036585365853658534,0.04573170731707317,0.042682926829268296,0.051829268292682924,0.03048780487804878,0.07317073170731707,0.06402439024390244,0.07621951219512195,0.06402439024390244
sequential,unassisted,all,low,car,283,0.06020066889632107,0.056856187290969896,0.043478260869565216,0.030100334448160536,0.06020066889632107,0.06354515050167224,0.20066889632107024,0.03678929765886288,0.07357859531772576,0.04013377926421405,0.03678929765886288,0.046822742474916385,0.06020066889632107,0.03678929765886288,0.056856187290969896,0.09698996655518395
sequential,unassisted,all,low,cat,210,0.03982300884955752,0.07079646017699115,0.061946902654867256,0.05309734513274336,0.022123893805309734,0.06637168141592921,0.03982300884955752,0.24778761061946902,0.05752212389380531,0.022123893805309734,0.1415929203539823,0.06637168141592921,0.022123893805309734,0.04424778761061947,0.017699115044247787,0.02654867256637168
sequential,unassisted,all,low,chair,415,0.027842227378190254,0.04640371229698376,0.04640371229698376,0.04408352668213457,0.03944315545243619,0.07192575406032482,0.03480278422273782,0.06960556844547564,0.22041763341067286,0.058004640371229696,0.08352668213457076,0.03248259860788863,0.05336426914153132,0.08584686774941995,0.048723897911832945,0.037122969837587005
sequential,unassisted,all,low,clock,338,0.04519774011299435,0.05084745762711865,0.07627118644067797,0.05084745762711865,0.03954802259887006,0.06497175141242938,0.022598870056497175,0.062146892655367235,0.062146892655367235,0.14124293785310735,0.059322033898305086,0.05367231638418079,0.07909604519774012,0.08192090395480225,0.059322033898305086,0.05084745762711865
sequential,unassisted,all,low,dog,385,0.02743142144638404,0.10723192019950124,0.0773067331670823,0.04239401496259352,0.04488778054862843,0.04738154613466334,0.06483790523690773,0.0798004987531172,0.05486284289276808,0.029925187032418952,0.15211970074812967,0.09725685785536159,0.04239401496259352,0.034912718204488775,0.034912718204488775,0.06234413965087282
sequential,unassisted,all,low,elephant,184,0.02,0.05,0.08,0.03,0.03,0.06,0.045,0.06,0.085,0.045,0.1,0.24,0.03,0.04,0.03,0.055
sequential,unassisted,all,low,keyboard,556,0.045454545454545456,0.0472027972027972,0.04195804195804196,0.04895104895104895,0.05419580419580419,0.05419580419580419,0.043706293706293704,0.04895104895104895,0.04895104895104895,0.05419580419580419,0.045454545454545456,0.04020979020979021,0.16958041958041958,0.1048951048951049,0.10139860139860139,0.050699300699300696
sequential,unassisted,all,low,knife,215,0.025974025974025976,0.03463203463203463,0.030303030303030304,0.06493506493506493,0.047619047619047616,0.0735930735930736,0.05194805194805195,0.08225108225108226,0.05627705627705628,0.06926406926406926,0.03896103896103896,0.047619047619047616,0.05194805194805195,0.18614718614718614,0.06926406926406926,0.06926406926406926
sequential,unassisted,all,low,oven,205,0.00904977375565611,0.05429864253393665,0.03619909502262444,0.01809954751131222,0.03619909502262444,0.04524886877828054,0.01809954751131222,0.049773755656108594,0.049773755656108594,0.07239819004524888,0.027149321266968326,0.01809954751131222,0.03167420814479638,0.09954751131221719,0.37104072398190047,0.06334841628959276
sequential,unassisted,all,low,truck,141,0.06369426751592357,0.044585987261146494,0.025477707006369428,0.044585987261146494,0.044585987261146494,0.03821656050955414,0.08917197452229299,0.050955414012738856,0.07006369426751592,0.08280254777070063,0.025477707006369428,0.025477707006369428,0.05732484076433121,0.03821656050955414,0.05732484076433121,0.24203821656050956
sequential,unassisted,all,medium,airplane,172,0.526595744680851,0.010638297872340425,0.02127659574468085,0.0425531914893617,0.10638297872340426,0.010638297872340425,0.047872340425531915,0.031914893617021274,0.015957446808510637,0.026595744680851064,0.03723404255319149,0.005319148936170213,0.03723404255319149,0.02127659574468085,0.02127659574468085,0.03723404255319149
sequential,unassisted,all,medium,bear,250,0.03759398496240601,0.3233082706766917,0.045112781954887216,0.07142857142857142,0.018796992481203006,0.03007518796992481,0.045112781954887216,0.04887218045112782,0.04887218045112782,0.022556390977443608,0.11278195488721804,0.06015037593984962,0.03383458646616541,0.03759398496240601,0.011278195488721804,0.05263157894736842
sequential,unassisted,all,medium,bicycle,173,0.010582010582010581,0.031746031746031744,0.5396825396825397,0.021164021164021163,0.047619047619047616,0.037037037037037035,0.021164021164021163,0.010582010582010581,0.042328042328042326,0.031746031746031744,0.015873015873015872,0.021164021164021163,0.037037037037037035,0.026455026455026454,0.037037037037037035,0.06878306878306878
sequential,unassisted,all,medium,bird,171,0.016042780748663103,0.06417112299465241,0.03208556149732621,0.5989304812834224,0.0053475935828877,0.0213903743315508,0.0213903743315508,0.026737967914438502,0.0213903743315508,0.0213903743315508,0.0374331550802139,0.0374331550802139,0.026737967914438502,0.016042780748663103,0.026737967914438502,0.026737967914438502
sequential,unassisted,all,medium,boat,271,0.07665505226480836,0.0313588850174216,0.04878048780487805,0.041811846689895474,0.397212543554007,0.05574912891986063,0.041811846689895474,0.03484320557491289,0.03484320557491289,0.024390243902439025,0.024390243902439025,0.03484320557491289,0.03484320557491289,0.04529616724738676,0.027874564459930314,0.04529616724738676
sequential,unassisted,all,medium,bottle,239,0.054901960784313725,0.0196078431372549,0.050980392156862744,0.054901960784313725,0.03137254901960784,0.34509803921568627,0.03529411764705882,0.023529411764705882,0.07058823529411765,0.0392156862745098,0.06666666666666667,0.027450980392156862,0.0196078431372549,0.054901960784313725,0.07450980392156863,0.03137254901960784
sequential,unassisted,all,medium,car,327,0.04956268221574344,0.04664723032069971,0.037900874635568516,0.029154518950437316,0.04081632653061224,0.043731778425655975,0.2944606413994169,0.03206997084548105,0.04956268221574344,0.03206997084548105,0.05539358600583091,0.026239067055393587,0.052478134110787174,0.061224489795918366,0.04081632653061224,0.10787172011661808
sequential,unassisted,all,medium,cat,216,0.017241379310344827,0.07327586206896551,0.03879310344827586,0.05603448275862069,0.01293103448275862,0.02586206896551724,0.017241379310344827,0.4267241379310345,0.03879310344827586,0.034482758620689655,0.11637931034482758,0.04310344827586207,0.021551724137931036,0.03879310344827586,0.008620689655172414,0.03017241379310345
sequential,unassisted,all,medium,chair,230,0.016260162601626018,0.044715447154471545,0.02032520325203252,0.032520325203252036,0.04065040650406504,0.06504065040650407,0.036585365853658534,0.056910569105691054,0.4105691056910569,0.052845528455284556,0.04065040650406504,0.036585365853658534,0.028455284552845527,0.04878048780487805,0.036585365853658534,0.032520325203252036
sequential,unassisted,all,medium,clock,328,0.0377906976744186,0.0377906976744186,0.03197674418604651,0.03488372093023256,0.02616279069767442,0.05232558139534884,0.046511627906976744,0.0436046511627907,0.061046511627906974,0.3691860465116279,0.03197674418604651,0.040697674418604654,0.055232558139534885,0.046511627906976744,0.03488372093023256,0.04941860465116279
sequential,unassisted,all,medium,dog,369,0.04415584415584416,0.07532467532467532,0.03896103896103896,0.05454545454545454,0.03896103896103896,0.05194805194805195,0.05974025974025974,0.06233766233766234,0.04155844155844156,0.05714285714285714,0.24675324675324675,0.06493506493506493,0.05454545454545454,0.04155844155844156,0.03116883116883117,0.03636363636363636
sequential,unassisted,all,medium,elephant,205,0.01809954751131222,0.07239819004524888,0.06787330316742081,0.04072398190045249,0.01809954751131222,0.027149321266968326,0.01809954751131222,0.04072398190045249,0.06334841628959276,0.013574660633484163,0.04072398190045249,0.47058823529411764,0.03167420814479638,0.02262443438914027,0.01809954751131222,0.03619909502262444
sequential,unassisted,all,medium,keyboard,263,0.014336917562724014,0.017921146953405017,0.035842293906810034,0.021505376344086023,0.025089605734767026,0.025089605734767026,0.04659498207885305,0.043010752688172046,0.02867383512544803,0.035842293906810034,0.025089605734767026,0.010752688172043012,0.46236559139784944,0.06451612903225806,0.11469534050179211,0.02867383512544803
sequential,unassisted,all,medium,knife,197,0.03286384976525822,0.03286384976525822,0.03286384976525822,0.056338028169014086,0.051643192488262914,0.04225352112676056,0.023474178403755867,0.056338028169014086,0.03286384976525822,0.046948356807511735,0.04225352112676056,0.028169014084507043,0.028169014084507043,0.4131455399061033,0.06572769953051644,0.014084507042253521
sequential,unassisted,all,medium,oven,252,0.022388059701492536,0.018656716417910446,0.022388059701492536,0.022388059701492536,0.029850746268656716,0.03731343283582089,0.007462686567164179,0.022388059701492536,0.048507462686567165,0.06343283582089553,0.018656716417910446,0.033582089552238806,0.05223880597014925,0.029850746268656716,0.5373134328358209,0.033582089552238806
sequential,unassisted,all,medium,truck,156,0.06395348837209303,0.01744186046511628,0.029069767441860465,0.01744186046511628,0.029069767441860465,0.03488372093023256,0.046511627906976744,0.01744186046511628,0.023255813953488372,0.023255813953488372,0.029069767441860465,0.029069767441860465,0.01744186046511628,0.01744186046511628,0.06395348837209303,0.5406976744186046
sequential,unassisted,all,high,airplane,380,0.8585858585858586,0.007575757575757576,0.010101010101010102,0.005050505050505051,0.03282828282828283,0.005050505050505051,0.007575757575757576,0.007575757575757576,0.007575757575757576,0.0025252525252525255,0.012626262626262626,0.0025252525252525255,0.012626262626262626,0.010101010101010102,0.007575757575757576,0.010101010101010102
sequential,unassisted,all,high,bear,275,0.013745704467353952,0.7422680412371134,0.027491408934707903,0.020618556701030927,0.006872852233676976,0.020618556701030927,0.010309278350515464,0.013745704467353952,0.01718213058419244,0.006872852233676976,0.048109965635738834,0.03436426116838488,0.013745704467353952,0.003436426116838488,0.006872852233676976,0.013745704467353952
sequential,unassisted,all,high,bicycle,326,0.005847953216374269,0.008771929824561403,0.8508771929824561,0.008771929824561403,0.011695906432748537,0.005847953216374269,0.014619883040935672,0.011695906432748537,0.017543859649122806,0.008771929824561403,0.011695906432748537,0.011695906432748537,0.008771929824561403,0.005847953216374269,0.011695906432748537,0.005847953216374269
sequential,unassisted,all,high,bird,332,0.014367816091954023,0.020114942528735632,0.020114942528735632,0.7988505747126436,0.022988505747126436,0.005747126436781609,0.008620689655172414,0.011494252873563218,0.008620689655172414,0.0028735632183908046,0.022988505747126436,0.02586206896551724,0.011494252873563218,0.011494252873563218,0.008620689655172414,0.005747126436781609
sequential,unassisted,all,high,boat,379,0.017721518987341773,0.027848101265822784,0.012658227848101266,0.020253164556962026,0.7113924050632912,0.020253164556962026,0.03291139240506329,0.012658227848101266,0.020253164556962026,0.02278481012658228,0.012658227848101266,0.010126582278481013,0.017721518987341773,0.015189873417721518,0.027848101265822784,0.017721518987341773
sequential,unassisted,all,high,bottle,320,0.017857142857142856,0.01488095238095238,0.026785714285714284,0.005952380952380952,0.01488095238095238,0.7261904761904762,0.008928571428571428,0.023809523809523808,0.02976190476190476,0.020833333333333332,0.026785714285714284,0.008928571428571428,0.017857142857142856,0.01488095238095238,0.023809523809523808,0.017857142857142856
sequential,unassisted,all,high,car,457,0.016913319238900635,0.008456659619450317,0.019027484143763214,0.0021141649048625794,0.023255813953488372,0.023255813953488372,0.7167019027484144,0.014799154334038054,0.014799154334038054,0.021141649048625793,0.010570824524312896,0.016913319238900635,0.016913319238900635,0.019027484143763214,0.014799154334038054,0.0613107822410148
sequential,unassisted,all,high,cat,330,0.008670520231213872,0.03468208092485549,0.005780346820809248,0.017341040462427744,0.008670520231213872,0.002890173410404624,0.017341040462427744,0.7514450867052023,0.03468208092485549,0.014450867052023121,0.046242774566473986,0.014450867052023121,0.011560693641618497,0.008670520231213872,0.011560693641618497,0.011560693641618497
sequential,unassisted,all,high,chair,277,0.030716723549488054,0.013651877133105802,0.020477815699658702,0.017064846416382253,0.020477815699658702,0.020477815699658702,0.017064846416382253,0.03754266211604096,0.6791808873720137,0.013651877133105802,0.013651877133105802,0.013651877133105802,0.017064846416382253,0.027303754266211604,0.034129692832764506,0.023890784982935155
sequential,unassisted,all,high,clock,369,0.01038961038961039,0.007792207792207792,0.01038961038961039,0.023376623376623377,0.012987012987012988,0.01818181818181818,0.0025974025974025974,0.02077922077922078,0.01818181818181818,0.7688311688311689,0.015584415584415584,0.007792207792207792,0.03116883116883117,0.015584415584415584,0.01818181818181818,0.01818181818181818
sequential,unassisted,all,high,dog,323,0.017699115044247787,0.07964601769911504,0.035398230088495575,0.02064896755162242,0.02654867256637168,0.02064896755162242,0.017699115044247787,0.035398230088495575,0.029498525073746312,0.014749262536873156,0.5634218289085545,0.02359882005899705,0.011799410029498525,0.035398230088495575,0.02654867256637168,0.04129793510324484
sequential,unassisted,all,high,elephant,379,0.002531645569620253,0.02531645569620253,0.015189873417721518,0.007594936708860759,0.007594936708860759,0.017721518987341773,0.007594936708860759,0.012658227848101266,0.02531645569620253,0.005063291139240506,0.027848101265822784,0.7974683544303798,0.015189873417721518,0.010126582278481013,0.012658227848101266,0.010126582278481013
sequential,unassisted,all,high,keyboard,303,0.003134796238244514,0.006269592476489028,0.012539184952978056,0.012539184952978056,0.006269592476489028,0.01567398119122257,0.01567398119122257,0.009404388714733543,0.012539184952978056,0.012539184952978056,0.003134796238244514,0.009404388714733543,0.7836990595611285,0.03761755485893417,0.05329153605015674,0.006269592476489028
sequential,unassisted,all,high,knife,283,0.010033444816053512,0.013377926421404682,0.016722408026755852,0.006688963210702341,0.006688963210702341,0.020066889632107024,0.006688963210702341,0.013377926421404682,0.016722408026755852,0.010033444816053512,0.006688963210702341,0.006688963210702341,0.016722408026755852,0.8294314381270903,0.013377926421404682,0.006688963210702341
sequential,unassisted,all,high,oven,268,0.007042253521126761,0.007042253521126761,0.007042253521126761,0.01056338028169014,0.014084507042253521,0.01056338028169014,0.014084507042253521,0.017605633802816902,0.014084507042253521,0.07394366197183098,0.01056338028169014,0.014084507042253521,0.028169014084507043,0.028169014084507043,0.7288732394366197,0.014084507042253521
sequential,unassisted,all,high,truck,308,0.043209876543209874,0.006172839506172839,0.012345679012345678,0.015432098765432098,0.0030864197530864196,0.012345679012345678,0.012345679012345678,0.012345679012345678,0.015432098765432098,0.012345679012345678,0.012345679012345678,0.009259259259259259,0.009259259259259259,0.015432098765432098,0.018518518518518517,0.7901234567901234
sequential,assisted,below human,low,airplane,56,0.43796296296296294,0.022222222222222223,0.08425925925925926,0.008333333333333333,0.07592592592592592,0.040740740740740744,0.03888888888888889,0.02962962962962963,0.025,0.024074074074074074,0.023148148148148147,0.025925925925925925,0.10185185185185185,0.040740740740740744,0.01574074074074074,0.005555555555555556
sequential,assisted,below human,low,bear,94,0.02127659574468085,0.30234871511467254,0.048991434097817074,0.056065211384360325,0.005305332964907433,0.04830063553467809,0.08977618126554296,0.03036750483558994,0.06648245371649626,0.051644100580270795,0.07734180712904118,0.1050566454821774,0.014396242055816525,0.021718706825089803,0.014838353136225477,0.046090080132633326
sequential,assisted,below human,low,bicycle,40,0.01710863986313088,0.0034217279726261765,0.5923866552609068,0.00855431993156544,0.04180923866552609,0.006843455945252353,0.05453378956372969,0.010265183917878529,0.03325491873396065,0.0034217279726261765,0.03325491873396065,0.020530367835757058,0.03667664670658683,0.028122326775021387,0.022989734816082123,0.08682634730538921
sequential,assisted,below human,low,bird,116,0.04435127978817299,0.08399529273315681,0.06707855251544571,0.35929685201529865,0.03559870550161812,0.08105325095616357,0.011106207708149456,0.043762871432774346,0.018093556928508385,0.05656075316269491,0.05898793762871433,0.043762871432774346,0.0379523389232127,0.028611356281259194,0.011694616063548102,0.018093556928508385
sequential,assisted,below human,low,boat,118,0.15211231975714648,0.02383000252972426,0.035517328611181384,0.053073614975967624,0.28102706804958255,0.02200860106248419,0.05165696939033645,0.003238047052871237,0.037136352137617,0.08029344801416646,0.014950670376928916,0.01796104224639514,0.07343789526941563,0.04338477105995446,0.03652921831520364,0.07384265115102454
sequential,assisted,below human,low,bottle,101,0.007087763185324161,0.023347925786950174,0.022097144048363562,0.03356264331874088,0.0225140712945591,0.30644152595372104,0.02293099854075464,0.05628517823639775,0.03189493433395872,0.05711903272878882,0.024181780279341255,0.02126328955597248,0.09547633937877839,0.09422555764019178,0.12153429226599957,0.0600375234521576
sequential,assisted,below human,low,car,59,0.039509476031215164,0.05212931995540691,0.035942028985507246,0.033088071348940915,0.0528428093645485,0.06688963210702341,0.3494760312151617,0.03451505016722408,0.029030100334448163,0.008561872909698997,0.021181716833890748,0.036655518394648826,0.039509476031215164,0.021181716833890748,0.03879598662207358,0.14069119286510592
sequential,assisted,below human,low,cat,43,0.01079946002699865,0.036148192590370484,0.05069746512674366,0.0143992800359982,0.03989800509974501,0.05189740512974351,0.11249437528123594,0.3553322333883306,0.08339583020848956,0.00599970001499925,0.1231438428078596,0.06884655767211639,0.00599970001499925,0.0119994000299985,0.0047997600119994,0.02414879256037198
sequential,assisted,below human,low,chair,127,0.03808024921714017,0.05414307270455762,0.04715006571155063,0.0398974575308682,0.0673502831275453,0.050005678775980396,0.02487303879415248,0.04974607758830496,0.2973893855564389,0.07642009962195577,0.05829669170736457,0.02461343760647705,0.02694984829555595,0.07254230688105398,0.04041665990621907,0.03212564697483491
sequential,assisted,below human,low,clock,64,0.03403954802259887,0.01016949152542373,0.0402542372881356,0.03516949152542373,0.03290960451977401,0.08799435028248588,0.042019774011299436,0.049929378531073446,0.024929378531073448,0.20324858757062145,0.09936440677966102,0.07323446327683616,0.06581920903954802,0.06638418079096045,0.07436440677966102,0.060169491525423724
sequential,assisted,below human,low,dog,423,0.03061253472241946,0.09958020665875175,0.04837564403342441,0.04938110305102846,0.05174989632979056,0.07234192423269843,0.05475491226375973,0.08719090656047808,0.06578087810087536,0.03981504098523622,0.1513301029885423,0.0718817989195576,0.03799158141093734,0.05366424485483331,0.03544101023068752,0.05010821465697942
sequential,assisted,below human,low,elephant,41,0.005614035087719299,0.014035087719298246,0.057543859649122814,0.04350877192982456,0.008421052631578947,0.06947368421052631,0.04771929824561403,0.0343859649122807,0.04140350877192983,0.030175438596491227,0.028070175438596492,0.5059649122807017,0.025964912280701753,0.028771929824561407,0.025964912280701753,0.03298245614035088
sequential,assisted,below human,low,keyboard,91,0.034834324553950725,0.02574995098359584,0.0062740997320436575,0.054048754983334425,0.03614142866479315,0.026795634272269785,0.0439186981243056,0.0073197830207176,0.04470296059081106,0.04548722305731651,0.02548853016142736,0.0247042676949219,0.3431148290961375,0.15587216521795963,0.08992876282595907,0.03561858702045618
sequential,assisted,below human,low,knife,46,0.05509007121910348,0.05732439603407345,0.04007820136852395,0.04901550062840385,0.028417818740399385,0.05124982544337383,0.06179304566401341,0.03735511800027929,0.030652143555369365,0.034003630777824326,0.02618349392542941,0.028417818740399385,0.06179304566401341,0.28997346739282226,0.08239072755201787,0.06626169529395336
sequential,assisted,below human,low,oven,53,0.002098498262181127,0.027083743196275167,0.008393993048724508,0.004196996524362254,0.008393993048724508,0.024985244934094042,0.033182503770739065,0.0260344940651846,0.04052724768837301,0.04577349334382583,0.00629549478654338,0.01868975014755066,0.02183749754082235,0.13902550986949963,0.5208210374450783,0.07266050232802151
sequential,assisted,below human,low,truck,64,0.05023885350318471,0.021417197452229298,0.030095541401273886,0.021417197452229298,0.1089171974522293,0.007643312101910828,0.05533439490445859,0.022691082802547773,0.03901273885350318,0.06656050955414013,0.005095541401273886,0.030095541401273886,0.06146496815286624,0.03264331210191083,0.09896496815286623,0.3484076433121019
sequential,assisted,below human,medium,airplane,48,0.7253989361702128,0.0026595744680851063,0.005319148936170213,0.026263297872340427,0.07347074468085106,0.0026595744680851063,0.02759308510638298,0.007978723404255319,0.03523936170212766,0.006648936170212766,0.024933510638297872,0.0013297872340425532,0.024933510638297872,0.020944148936170214,0.005319148936170213,0.009308510638297872
sequential,assisted,below human,medium,bear,76,0.039146779993461917,0.40405361229159853,0.007845701209545603,0.07763975155279502,0.014138607388035306,0.02696959790781301,0.06219352729650213,0.051977770513239624,0.030238640078457012,0.003922850604772802,0.07396207911082053,0.07567832625040863,0.038492971559333115,0.028277214776070612,0.001961425302386401,0.06350114416475973
sequential,assisted,below human,medium,bicycle,58,0.0158015158015158,0.020377520377520376,0.6707421707421707,0.0045760045760045755,0.03732303732303732,0.021521521521521522,0.0045760045760045755,0.0158015158015158,0.03617903617903618,0.020377520377520376,0.0034320034320034316,0.01808951808951809,0.021521521521521522,0.019233519233519233,0.008008008008008008,0.08243958243958244
sequential,assisted,below human,medium,bird,98,0.02856740782437377,0.07918191199924947,0.06590674547330894,0.49634112018012944,0.018294399099352657,0.04686180692372643,0.02931794727460362,0.030068486724833473,0.02054601745004222,0.02931794727460362,0.022797635800731773,0.022797635800731773,0.02129655690027207,0.05488319729805798,0.030068486724833473,0.0037526972511492634
sequential,assisted,below human,medium,boat,85,0.14085624590333598,0.0346707144582054,0.037430572325525234,0.0165246489805775,0.478766343533308,0.038534515472453165,0.066029599475627,0.005519715734639666,0.015420705833649566,0.03356677131127747,0.003863801014247766,0.025321695932659465,0.005519715734639666,0.03687860075206127,0.03411874288474143,0.02697761065305137
sequential,assisted,below human,medium,bottle,79,0.04082559339525284,0.02435500515995872,0.05069143446852425,0.030299277605779152,0.0052837977296181626,0.43706914344685244,0.0269969040247678,0.02501547987616099,0.04346749226006191,0.038183694530443756,0.02175438596491228,0.004623323013415893,0.1085655314757482,0.05135190918472653,0.054654282765737874,0.03686274509803922
sequential,assisted,below human,medium,car,64,0.05991253644314869,0.02182944606413994,0.020080174927113704,0.018330903790087463,0.04566326530612245,0.0462463556851312,0.5088921282798834,0.01891399416909621,0.009912536443148687,0.00641399416909621,0.011078717201166181,0.030247813411078718,0.04799562682215743,0.024744897959183672,0.008163265306122448,0.12157434402332361
sequential,assisted,below human,medium,cat,53,0.018490754622688656,0.03148425787106447,0.023488255872063966,0.027486256871564217,0.0029985007496251873,0.005997001499250375,0.018490754622688656,0.5772113943028486,0.03798100949525237,0.03698150924537731,0.0849575212393803,0.038980509745127435,0.04847576211894054,0.03798100949525237,0.001999000499750125,0.0069965017491254375
sequential,assisted,below human,medium,chair,90,0.0024543641662831727,0.03505138824973155,0.04080380426445774,0.04264457738917012,0.025003834944009817,0.038119343457585525,0.024390243902439025,0.046326123638594875,0.5148028838778954,0.06458045712532597,0.025003834944009817,0.024390243902439025,0.03259702408344838,0.0262310170271514,0.024390243902439025,0.033210615125019174
sequential,assisted,below human,medium,clock,85,0.015887635275155423,0.03568961547317523,0.005065622841353903,0.015427124107759614,0.033847570803591985,0.028091181211144373,0.02717015887635275,0.04651162790697675,0.0492746949113516,0.533732443011743,0.014966612940363805,0.026249136541561136,0.058254662675569883,0.02717015887635275,0.06493207460280911,0.01772967994473866
sequential,assisted,below human,medium,dog,277,0.029714994902708215,0.08261158636585257,0.05673507379992021,0.04052125349053677,0.029431319533708613,0.06085723150569567,0.04421789814281282,0.09896724435973583,0.032986126501484865,0.05090199902486592,0.2319046141571739,0.05815345064491822,0.033695314923983866,0.06711581933424937,0.02217986791365631,0.06000620539869687
sequential,assisted,below human,medium,elephant,58,0.017426929191635077,0.02916717622599976,0.04170233581998287,0.022318698789287023,0.017426929191635077,0.03289715054420937,0.017426929191635077,0.022318698789287023,0.04072398190045249,0.0299620887856182,0.022318698789287023,0.6017488076311606,0.04738901797725327,0.00489176959765195,0.030940442705148584,0.021340344869756635
sequential,assisted,below human,medium,keyboard,73,0.002577423382062744,0.00322177922757843,0.017679513511336637,0.015102090129273892,0.004510490918609803,0.004510490918609803,0.03084853610406347,0.01896822520236801,0.01639080182030526,0.06262333373605573,0.015746445974789577,0.013169022592726834,0.5999758366557931,0.04530627038782167,0.12174298256211992,0.027626756876485036
sequential,assisted,below human,medium,knife,73,0.02838001793532732,0.017144062879147545,0.0396159729915071,0.03260009495173287,0.020520124492271984,0.03006804874188954,0.004220077016405549,0.03260009495173287,0.05085192804768687,0.042148019201350424,0.04130400379806932,0.016300047475866435,0.06124386770058554,0.5237115577359287,0.045524080814474864,0.013768001266023105
sequential,assisted,below human,medium,oven,87,0.013186494710911462,0.022315606433850166,0.003477756846833792,0.013186494710911462,0.05318069844950007,0.015504999275467323,0.0011592522822779308,0.013186494710911462,0.04637009129111722,0.029271120127517754,0.03202434429792784,0.024634110998406025,0.056658455296333864,0.033763222721344736,0.6174467468482828,0.024634110998406025
sequential,assisted,below human,medium,truck,65,0.037324145851277635,0.028136663795578526,0.01808785529715762,0.015790984783232848,0.0304335343095033,0.0068906115417743325,0.046224519092736144,0.0034453057708871662,0.016939420040195233,0.016939420040195233,0.005742176284811944,0.0304335343095033,0.040482342807924204,0.015790984783232848,0.1731266149870801,0.5142118863049095
sequential,assisted,below human,high,airplane,113,0.9126928196695638,0.0009396288466055908,0.001252838462140788,0.016130295200062643,0.02732753895544593,0.000626419231070394,0.008691566831101715,0.016443504815597837,0.0009396288466055908,0.000313209615535197,0.0015660480776759846,0.000313209615535197,0.0015660480776759846,0.00900477644663691,0.0009396288466055908,0.001252838462140788
sequential,assisted,below human,high,bear,94,0.011090284286160575,0.7806935332708529,0.040362386754139334,0.012089971883786316,0.019181505779443924,0.012089971883786316,0.010590440487347705,0.0019993751952514837,0.011590128084973445,0.0009996875976257418,0.05245235863792565,0.03227116526085598,0.0019993751952514837,0.0004998437988128709,0.0009996875976257418,0.011090284286160575
sequential,assisted,below human,high,bicycle,101,0.000799720097965712,0.001199580146948568,0.9368720947668316,0.001199580146948568,0.001599440195931424,0.009346728644974258,0.019093317338931375,0.001599440195931424,0.002399160293897136,0.001199580146948568,0.01014644874293997,0.001599440195931424,0.009746588693957114,0.000799720097965712,0.001599440195931424,0.000799720097965712
sequential,assisted,below human,high,bird,117,0.009247256071212514,0.002419842710223835,0.024976233687667444,0.8103880390631751,0.025321925503413705,0.023247774608936133,0.01607466943220119,0.008901564255466251,0.01607466943220119,0.007864488808227465,0.0102843315184513,0.03318641431164117,0.001382767262985049,0.008901564255466251,0.0010370754472387865,0.0006913836314925245
sequential,assisted,below human,high,boat,132,0.02894286691755046,0.023280875812521383,0.0013684570646595963,0.015703044816968867,0.8066370167635991,0.00894628806021211,0.010314745124871709,0.008125213821416353,0.00894628806021211,0.029490249743414302,0.0013684570646595963,0.001094765651727677,0.01542935340403695,0.008398905234348272,0.016524119055764626,0.01542935340403695
sequential,assisted,below human,high,bottle,106,0.01053864168618267,0.00195160031225605,0.0117096018735363,0.00078064012490242,0.01014832162373146,0.8329430132708822,0.00117096018735363,0.00312256049960968,0.02849336455893833,0.01092896174863388,0.0117096018735363,0.00117096018735363,0.01873536299765808,0.01834504293520687,0.035909445745511324,0.00234192037470726
sequential,assisted,below human,high,car,115,0.009699336700934428,0.0010328744573374433,0.009957555315268788,0.00025821861433436083,0.018107580330197052,0.002840404757677969,0.8508948888853025,0.0018075303003405258,0.009441118086600067,0.01021577392960315,0.008924680857931345,0.009699336700934428,0.009699336700934428,0.0023239675290092476,0.0018075303003405258,0.05328986653325372
sequential,assisted,below human,high,cat,85,0.011274537858410118,0.005494191037600869,0.0009156985062668116,0.012648085617810334,0.0013735477594002173,0.0004578492531334058,0.0027470955188004346,0.8418130830424083,0.01539518113661077,0.02209122646368683,0.027127568248154297,0.02209122646368683,0.0018313970125336232,0.021175527957420018,0.011732387111543523,0.0018313970125336232
sequential,assisted,below human,high,chair,101,0.00420057757941717,0.0018669233686298534,0.011347393599953327,0.010880662757795864,0.00280038505294478,0.011347393599953327,0.0023336542107873165,0.03932207345176628,0.8279221726320702,0.0018669233686298534,0.018960940462646948,0.0018669233686298534,0.010880662757795864,0.012280855284268253,0.030308334062600275,0.01181412444211079
sequential,assisted,below human,high,clock,101,0.009967809967809969,0.0010656010656010656,0.0014208014208014208,0.003196803196803197,0.0017760017760017762,0.011033411033411034,0.0003552003552003552,0.01138861138861139,0.011033411033411034,0.8914640914640914,0.002131202131202131,0.009612609612609613,0.004262404262404262,0.010678210678210679,0.019580419580419582,0.011033411033411034
sequential,assisted,below human,high,dog,167,0.017940906233376856,0.09439528023598819,0.01948836984380289,0.02912777858374841,0.018714638038589873,0.02912777858374841,0.017940906233376856,0.07959765946128923,0.04629495301191224,0.017682995631639182,0.48641939487725067,0.0457791318084369,0.011960604155584571,0.01948836984380289,0.02964359978722375,0.03639763367022906
sequential,assisted,below human,high,elephant,108,0.00032666394446712944,0.003266639444671294,0.0019599836668027764,0.009044507962433647,0.009044507962433647,0.03454471212739894,0.0009799918334013882,0.009697835851367905,0.003266639444671294,0.0006533278889342589,0.0277868517762352,0.8932217231523071,0.0019599836668027764,0.0013066557778685177,0.001633319722335647,0.0013066557778685177
sequential,assisted,below human,high,keyboard,85,0.0004966013842763586,0.0009932027685527172,0.011887395636115334,0.0019864055371054345,0.0009932027685527172,0.002483006921381793,0.002483006921381793,0.0014898041528290762,0.0019864055371054345,0.011887395636115334,0.0004966013842763586,0.0014898041528290762,0.9063285638908719,0.015860206710326206,0.0381451938297278,0.0009932027685527172
sequential,assisted,below human,high,knife,87,0.01126733123356171,0.0020781244926453874,0.02201513134396207,0.010747800110400363,0.0010390622463226937,0.0031171867389680813,0.0010390622463226937,0.0020781244926453874,0.002597655615806734,0.01126733123356171,0.010747800110400363,0.0010390622463226937,0.03172386920803974,0.8861252719420724,0.0020781244926453874,0.0010390622463226937
sequential,assisted,below human,high,oven,83,0.011239152084222508,0.0011381419832124059,0.0011381419832124059,0.021909233176838808,0.0022762839664248117,0.021909233176838808,0.0022762839664248117,0.0028453549580310144,0.0022762839664248117,0.08265756153080096,0.0017072129748186085,0.0022762839664248117,0.014653578033859724,0.014653578033859724,0.8046663821311709,0.012377294067434912
sequential,assisted,below human,high,truck,108,0.045898048586220624,0.0007964954201513341,0.017722023098367186,0.001991238550378335,0.024591796097172443,0.0015929908403026682,0.025786539227399444,0.009657506969334926,0.01812027080844285,0.009657506969334926,0.0015929908403026682,0.0011947431302270011,0.0011947431302270011,0.001991238550378335,0.03464755077658303,0.8035643170051772
sequential,assisted,at human,low,airplane,34,0.4106666666666666,0.032,0.06133333333333333,0.032,0.10933333333333334,0.018666666666666668,0.016,0.06266666666666666,0.036000000000000004,0.014666666666666666,0.03333333333333333,0.017333333333333333,0.06666666666666667,0.018666666666666668,0.042666666666666665,0.027999999999999997
sequential,assisted,at human,low,bear,55,0.03296373988612526,0.2994135022903378,0.06181771479943491,0.07277708806027655,0.036388544030138276,0.07483197054668436,0.012329294918446851,0.00479472580161822,0.06074746350443084,0.00958945160323644,0.13390984203090886,0.0923412817329509,0.036388544030138276,0.019564193672674344,0.02298899781668736,0.029153645275910786
sequential,assisted,at human,low,bicycle,24,0.023952095808383235,0.004790419161676647,0.4043413173652695,0.011976047904191617,0.033532934131736525,0.03458083832335329,0.07634730538922156,0.06437125748502995,0.02155688622754491,0.029790419161676646,0.04655688622754491,0.1287425149700599,0.02634730538922156,0.06437125748502995,0.00718562874251497,0.02155688622754491
sequential,assisted,at human,low,bird,139,0.05067334794863764,0.07798308800501096,0.14744754149702474,0.2027560288130285,0.06257438145944252,0.07547760726589414,0.04171625430629502,0.0695270905104917,0.002505480739116818,0.07397431882242406,0.04378327591606639,0.01791418728468525,0.04522392734105856,0.056623864704040086,0.009959285937989351,0.021860319448794237
sequential,assisted,at human,low,boat,152,0.07370863599677159,0.03686440677966102,0.04023405972558515,0.04828490718321227,0.2836763518966909,0.08898305084745763,0.041202582728006455,0.020439870863599677,0.04747780468119451,0.06404358353510896,0.04763922518159806,0.026230831315577078,0.010956416464891042,0.052461662631154156,0.07080306698950767,0.04699354317998386
sequential,assisted,at human,low,bottle,56,0.011517615176151762,0.024051490514905148,0.0220189701897019,0.04065040650406504,0.05047425474254743,0.4285230352303523,0.03726287262872629,0.03590785907859079,0.024051490514905148,0.03726287262872629,0.06707317073170732,0.020663956639566397,0.0440379403794038,0.028116531165311653,0.08638211382113821,0.04200542005420054
sequential,assisted,at human,low,car,30,0.06441762396393777,0.04151519557946779,0.015122873345935728,0.010469681547186274,0.020939363094372547,0.06558092191362513,0.4611022248073288,0.012796277446561002,0.025592554893122003,0.013959575396248364,0.012796277446561002,0.01628617129562309,0.042678493529155155,0.05627453831612622,0.019776065144685183,0.12069216228006398
sequential,assisted,at human,low,cat,34,0.03274336283185841,0.06265486725663717,0.03982300884955752,0.036991150442477874,0.007079646017699115,0.02123893805309735,0.03274336283185841,0.4392920353982301,0.0384070796460177,0.007079646017699115,0.18530973451327434,0.04123893805309734,0.007079646017699115,0.01415929203539823,0.005663716814159292,0.02849557522123894
sequential,assisted,at human,low,chair,59,0.005939675174013921,0.036566125290023205,0.036566125290023205,0.022737819025522042,0.008414539829853055,0.06867749419953596,0.020757927300850736,0.05484918793503479,0.46035576179427684,0.03904098994586234,0.05781902552204176,0.02026295436968291,0.06471771075019335,0.04498066511987626,0.05039443155452437,0.007919566898685228
sequential,assisted,at human,low,clock,54,0.05318805488297014,0.011622276029055691,0.031719128329297824,0.06876513317191282,0.00903954802259887,0.10056497175141244,0.019451170298627925,0.042776432606941084,0.05706214689265537,0.2608555286521388,0.04213075060532688,0.05512510088781275,0.07522195318805489,0.06158192090395479,0.07070217917675545,0.04019370460048426
sequential,assisted,at human,low,dog,336,0.03533779188392654,0.09578326909997732,0.05465030605304919,0.04738154613466334,0.019085808206755837,0.030562797551575607,0.03703808660167762,0.10305911357968714,0.11328922013148945,0.03829205395601904,0.14327816821582406,0.10953440262978917,0.03317700068011789,0.055564214463840404,0.027155123554749493,0.05681109725685785
sequential,assisted,at human,low,elephant,30,0.006956521739130435,0.0391304347826087,0.07130434782608697,0.010434782608695651,0.010434782608695651,0.06434782608695652,0.015652173913043476,0.020869565217391303,0.02956521739130435,0.03739130434782609,0.14347826086956522,0.3008695652173913,0.05391304347826087,0.1008695652173913,0.010434782608695651,0.08434782608695653
sequential,assisted,at human,low,keyboard,128,0.03977272727272727,0.0608003108003108,0.03243978243978244,0.033216783216783216,0.04768842268842269,0.04074397824397824,0.03263403263403263,0.026272338772338772,0.05405011655011655,0.026855089355089356,0.01893939393939394,0.03918997668997669,0.2966200466200466,0.10193278943278944,0.10848873348873349,0.040355477855477856
sequential,assisted,at human,low,knife,44,0.006926406926406927,0.0259018759018759,0.00808080808080808,0.017316017316017316,0.029365079365079365,0.05295815295815296,0.013852813852813855,0.07193362193362193,0.048340548340548344,0.01847041847041847,0.027056277056277056,0.029365079365079365,0.04718614718614719,0.532972582972583,0.0518037518037518,0.01847041847041847
sequential,assisted,at human,low,oven,56,0.0020110608345902466,0.012066365007541479,0.008044243338360986,0.004022121669180493,0.021933132227249876,0.023944193061840122,0.03179989944695827,0.05272750125691302,0.038838612368024134,0.14108848667672197,0.03381096028154852,0.004022121669180493,0.06259426847662142,0.049899446958270484,0.4574534942182001,0.05574409250879839
sequential,assisted,at human,low,truck,81,0.05174338433252347,0.017663668001838596,0.024821065073215576,0.017663668001838596,0.007354389651323133,0.08877798936240068,0.1796572329108937,0.008405016744369297,0.021866176374023244,0.044585987261146494,0.004202508372184648,0.01451178672270011,0.06100203558999277,0.006303762558276972,0.14347626239411648,0.3079650666491562
sequential,assisted,at human,medium,airplane,40,0.7754559270516718,0.00303951367781155,0.0060790273556231,0.0121580547112462,0.10182370820668693,0.00303951367781155,0.031534954407294834,0.00911854103343465,0.004559270516717325,0.007598784194528876,0.010638297872340425,0.001519756838905775,0.010638297872340425,0.0060790273556231,0.0060790273556231,0.010638297872340425
sequential,assisted,at human,medium,bear,54,0.037164339419978515,0.5167561761546724,0.05316863587540279,0.05918367346938775,0.004296455424274973,0.021160042964554242,0.010311493018259935,0.05402792696025779,0.01117078410311493,0.0051557465091299675,0.09720730397422127,0.028034371643394198,0.02201933404940924,0.02287862513426423,0.0025778732545649837,0.05488721804511278
sequential,assisted,at human,medium,bicycle,33,0.003455350394125904,0.010366051182377713,0.7680596047942986,0.006910700788251808,0.056365403304178816,0.03250188964474679,0.006910700788251808,0.003455350394125904,0.013821401576503616,0.010366051182377713,0.0051830255911888565,0.02731886405355793,0.012093726379440664,0.00863837598531476,0.012093726379440664,0.022459777561818377
sequential,assisted,at human,medium,bird,93,0.048226463229161555,0.04611686209095816,0.059755678751901097,0.42736594220674085,0.028307903645194525,0.05818574302114507,0.01231418338811755,0.022273463180101063,0.003139871461512044,0.049011431094539565,0.0513663346906736,0.042192022764068096,0.0773193347397341,0.03905215130255605,0.022273463180101063,0.01309915125349556
sequential,assisted,at human,medium,boat,64,0.052831010452961666,0.01877177700348432,0.00975609756097561,0.008362369337979094,0.5169425087108014,0.11114982578397212,0.0833623693379791,0.006968641114982578,0.006968641114982578,0.05487804878048781,0.017378048780487803,0.006968641114982578,0.019468641114982577,0.03405923344947735,0.005574912891986063,0.04655923344947736
sequential,assisted,at human,medium,bottle,54,0.026834733893557422,0.004481792717086834,0.01165266106442577,0.012549019607843137,0.007170868347338936,0.6931652661064426,0.02235294117647059,0.005378151260504202,0.058991596638655455,0.023249299719887956,0.015238095238095238,0.020560224089635853,0.004481792717086834,0.026834733893557422,0.03131652661064426,0.035742296918767506
sequential,assisted,at human,medium,car,53,0.02598554949930283,0.03980225630624921,0.008788608611146323,0.006760468162420247,0.03845016267376516,0.02463345586681878,0.44509232264334303,0.02192926860185068,0.04047830312249123,0.02192926860185068,0.04183039675497528,0.006084421346178223,0.055647103561921665,0.01419698314108252,0.03845016267376516,0.16994126843283897
sequential,assisted,at human,medium,cat,43,0.004675628287551139,0.019871420222092342,0.027469316189362943,0.049094097019286964,0.0035067212156633548,0.0070134424313267095,0.004675628287551139,0.6241963763880772,0.010520163646990065,0.009351256575102279,0.11630625365283459,0.04558737580362361,0.005844535359438925,0.04441846873173583,0.019286966686148453,0.008182349503214495
sequential,assisted,at human,medium,chair,45,0.00426496068239371,0.028122084499533517,0.0053312008529921365,0.00852992136478742,0.010662401705984273,0.03345328535252566,0.025989604158336666,0.014927362388377982,0.6978541916566707,0.03025456484073038,0.05984272957483673,0.009596161535385846,0.02385712381713981,0.029188324670131948,0.009596161535385846,0.00852992136478742
sequential,assisted,at human,medium,clock,50,0.02431289640591966,0.00916138125440451,0.05320648343904158,0.008456659619450317,0.0063424947145877385,0.02783650458069063,0.01127554615926709,0.010570824524312896,0.014799154334038054,0.5591966173361522,0.007751937984496124,0.05532064834390416,0.02854122621564482,0.041578576462297394,0.11451726568005638,0.027131782945736434
sequential,assisted,at human,medium,dog,195,0.04126300240044316,0.06732319812888533,0.05034775650889395,0.046790176647996555,0.012433064565765988,0.04185388071643996,0.037705422539545765,0.09003508340001232,0.07898073490490552,0.03276912660798917,0.2651566443035637,0.0997107158244599,0.04205084015510556,0.03632670646888656,0.011842186249769189,0.04541146057733735
sequential,assisted,at human,medium,elephant,39,0.005265322912381736,0.05742492801316331,0.05610859728506787,0.030028794734677088,0.005265322912381736,0.04426162073220897,0.005265322912381736,0.04821061291649527,0.03661044837515426,0.003948992184286302,0.030028794734677088,0.627807486631016,0.009214315096668037,0.024763471822295352,0.005265322912381736,0.010530645824763473
sequential,assisted,at human,medium,keyboard,65,0.01517766272843931,0.04057701668215408,0.007079959290234081,0.004247975574140449,0.017301650515509536,0.004955971503163857,0.021549626089649984,0.03318730917297226,0.0427010044692243,0.007079959290234081,0.004955971503163857,0.0021239877870702245,0.5234302402761184,0.12385503783353245,0.14611265985220584,0.005663967432187265
sequential,assisted,at human,medium,knife,43,0.008912230444815789,0.008912230444815789,0.04281053552956155,0.04917641441871569,0.030954086098511975,0.011458582000477441,0.006365878889154133,0.032227261876342804,0.02586138298718867,0.06357921540542691,0.011458582000477441,0.0076390546669849605,0.0584865122941036,0.6035648921779264,0.034773613432004455,0.0038195273334924802
sequential,assisted,at human,medium,oven,60,0.004713275726630007,0.003927729772191673,0.004713275726630007,0.017871170463472114,0.019442262372348782,0.007855459544383346,0.041044776119402986,0.017871170463472114,0.01021209740769835,0.09230164964650432,0.003927729772191673,0.007069913589945012,0.02415553809897879,0.019442262372348782,0.7183817753338569,0.007069913589945012
sequential,assisted,at human,medium,truck,80,0.031492248062015504,0.0029069767441860465,0.0048449612403100775,0.0029069767441860465,0.0048449612403100775,0.02664728682170543,0.11191860465116278,0.0029069767441860465,0.024709302325581394,0.014292635658914728,0.015261627906976744,0.015261627906976744,0.06540697674418604,0.0029069767441860465,0.10440891472868218,0.5692829457364341
sequential,assisted,at human,high,airplane,152,0.9686748436748436,0.0007215007215007215,0.000962000962000962,0.000481000481000481,0.009078884078884079,0.000481000481000481,0.0007215007215007215,0.0007215007215007215,0.0007215007215007215,0.0002405002405002405,0.0012025012025012026,0.0002405002405002405,0.0012025012025012026,0.000962000962000962,0.006673881673881673,0.006914381914381914
sequential,assisted,at human,high,bear,117,0.009172415575020024,0.8411751027052167,0.01834483115004005,0.025036818851251842,0.0008268092912694106,0.009999224866289435,0.001240213936904116,0.009172415575020024,0.002067023228173527,0.008345606283750613,0.028344056016329482,0.019171640441309458,0.0016536185825388211,0.0004134046456347053,0.0008268092912694106,0.02421000955998243
sequential,assisted,at human,high,bicycle,129,0.0006452913893930228,0.0009679370840895341,0.9697519661222019,0.0009679370840895341,0.008187134502923977,0.0006452913893930228,0.001613228473482557,0.0012905827787860456,0.0019358741681790683,0.0009679370840895341,0.0012905827787860456,0.0012905827787860456,0.007864488808227465,0.0006452913893930228,0.0012905827787860456,0.0006452913893930228
sequential,assisted,at human,high,bird,187,0.015910763829907706,0.031142064435762416,0.036068172810146654,0.7082837891399127,0.03136855217711341,0.020157408980238944,0.005605571598437235,0.03538870958609365,0.0006794632240529981,0.01500481286450371,0.011664118679576467,0.0020383896721589945,0.02553649283732518,0.04031481796047789,0.01053167997282147,0.01030519223147047
sequential,assisted,at human,high,boat,167,0.03433630767102441,0.007899287542367019,0.006571211177976067,0.0017707684858546033,0.7725807567268451,0.029093172857439304,0.02473542228678149,0.006571211177976067,0.012699730234488484,0.05117244241543889,0.006571211177976067,0.0008853842429273017,0.007013903299439718,0.012257038113024832,0.007899287542367019,0.0179428650480736
sequential,assisted,at human,high,bottle,126,0.0020120724346076456,0.008718980549966466,0.01006036217303823,0.007712944332662643,0.008718980549966466,0.8494299128101945,0.0010060362173038228,0.0026827632461435278,0.0033534540576794095,0.002347417840375587,0.02414486921529175,0.008048289738430582,0.0020120724346076456,0.015761234071093227,0.051978537894030855,0.0020120724346076456
sequential,assisted,at human,high,car,161,0.0015288876148158766,0.012063878835656527,0.0017199985666678612,0.00019111095185198458,0.007751937984496124,0.00210222047037183,0.8726962171975968,0.0013377766629638918,0.018286929205336772,0.0019111095185198456,0.006605272273384216,0.00717860512894017,0.00717860512894017,0.0017199985666678612,0.0013377766629638918,0.0563896752308262
sequential,assisted,at human,high,cat,117,0.008561867095484375,0.019209874396975093,0.0006953800686687817,0.002086140206006345,0.0010430701030031725,0.00034769003433439085,0.009604937198487547,0.8648354991525056,0.019209874396975093,0.009257247164153156,0.03563822851927506,0.01677604415663436,0.008909557129818765,0.0010430701030031725,0.0013907601373375634,0.0013907601373375634
sequential,assisted,at human,high,chair,106,0.0040284227605885976,0.009987131427292564,0.0026856151737257314,0.002238012644771443,0.0026856151737257314,0.0026856151737257314,0.018631455267722263,0.029513791752923405,0.8513679852291166,0.0017904101158171544,0.0017904101158171544,0.0017904101158171544,0.010434733956246854,0.0035808202316343087,0.029066189223969117,0.027723381637106248
sequential,assisted,at human,high,clock,150,0.001001408230323893,0.006775152558285089,0.01304960100140823,0.020325457674855267,0.007275856673447035,0.007776560788608982,0.006274448443123142,0.02609920200281646,0.0017524644030668126,0.8271162572367391,0.0075262087310280085,0.006775152558285089,0.015052417462056017,0.0075262087310280085,0.03789704271631983,0.007776560788608982
sequential,assisted,at human,high,dog,248,0.027587825154196836,0.057857334406006974,0.047599892732636095,0.042918119245552874,0.024336283185840708,0.027766604094037722,0.016224188790560475,0.05896352909627246,0.07754536515598462,0.02740904621435595,0.4318740502368821,0.06582417091266649,0.019654509698757486,0.036236256368999735,0.009184768034325556,0.029018056672923932
sequential,assisted,at human,high,elephant,139,0.00026133115557370356,0.015516537362188648,0.0015679869334422213,0.0007839934667211106,0.007235606369946917,0.001829318089015925,0.0007839934667211106,0.0013066557778685177,0.009064924458962842,0.0005226623111474071,0.02222948142098816,0.9145773785218457,0.008019599836668027,0.0010453246222948142,0.014209881584320131,0.0010453246222948142
sequential,assisted,at human,high,keyboard,154,0.00029503964595242483,0.01235478517425779,0.0011801585838096993,0.00706251152498617,0.0005900792919048497,0.001475198229762124,0.007357551170938594,0.0008851189378572746,0.00706251152498617,0.01882721740733911,0.00029503964595242483,0.0008851189378572746,0.8149363820763414,0.04471694633966439,0.07560390927530887,0.006472432233081321
sequential,assisted,at human,high,knife,106,0.0013158616152201326,0.009951203465102254,0.0021931026920335543,0.0008772410768134218,0.0008772410768134218,0.0026317232304402653,0.0008772410768134218,0.0017544821536268436,0.010389824003508965,0.0013158616152201326,0.0008772410768134218,0.0008772410768134218,0.0021931026920335543,0.961236909918307,0.0017544821536268436,0.0008772410768134218
sequential,assisted,at human,high,oven,92,0.0010432968179447052,0.0010432968179447052,0.0010432968179447052,0.020083463745435574,0.0020865936358894104,0.001564945226917058,0.011345852895148669,0.0026082420448617634,0.0020865936358894104,0.06651017214397496,0.010824204486176317,0.0020865936358894104,0.0319509650495566,0.022691705790297338,0.8116849243609807,0.011345852895148669
sequential,assisted,at human,high,truck,134,0.01794238683127572,0.0006584362139917695,0.001316872427983539,0.0016460905349794238,0.0069958847736625515,0.007983539094650206,0.0479835390946502,0.007983539094650206,0.03497942386831276,0.021316872427983538,0.007983539094650206,0.0009876543209876543,0.0009876543209876543,0.008312757201646091,0.04864197530864197,0.7842798353909465
sequential,assisted,above human,low,airplane,24,0.5133333333333333,0.015,0.05166666666666666,0.015,0.06166666666666667,0.04833333333333333,0.06999999999999999,0.028333333333333332,0.02,0.018333333333333333,0.016666666666666666,0.021666666666666667,0.05833333333333333,0.04833333333333333,0.003333333333333333,0.01
sequential,assisted,above human,low,bear,32,0.04875886524822695,0.5887158054711247,0.008105369807497468,0.0243161094224924,0.0121580547112462,0.04818895643363728,0.03907041540020264,0.0070921985815602835,0.02735562310030395,0.014184397163120567,0.05224164133738601,0.053254812563323206,0.03299138804457954,0.008105369807497468,0.013171225937183383,0.022289766970618033
sequential,assisted,above human,low,bicycle,23,0.02456625211116229,0.004913250422232458,0.5429141716566867,0.012283126055581146,0.06003377859665285,0.009826500844464917,0.0783049286043298,0.014739751266697373,0.047750652541071706,0.004913250422232458,0.022109626900046062,0.029479502533394746,0.05266390296330417,0.06602180254874866,0.0073698756333486866,0.022109626900046062
sequential,assisted,above human,low,bird,127,0.026953628895376468,0.08452712336207481,0.07590467784642542,0.31067961165048547,0.046846357525969176,0.08880439948401113,0.010251884038291805,0.06836852467920429,0.01670174485708466,0.02423789802430579,0.07542942494398805,0.012424468735148348,0.07699097019485368,0.054382510693190306,0.01079503021250594,0.01670174485708466
sequential,assisted,above human,low,boat,64,0.04228813559322034,0.03991525423728813,0.009491525423728813,0.06389830508474577,0.39572033898305087,0.03686440677966102,0.08652542372881356,0.0054237288135593215,0.024703389830508477,0.046991525423728815,0.012542372881355932,0.005084745762711865,0.03550847457627119,0.14766949152542372,0.023686440677966103,0.023686440677966103
sequential,assisted,above human,low,bottle,52,0.05631276901004304,0.040172166427546625,0.00860832137733142,0.028335724533715925,0.024031563845050216,0.35078909612625536,0.039454806312769014,0.00860832137733142,0.08428981348637016,0.039454806312769014,0.05631276901004304,0.036585365853658534,0.07604017216642756,0.059182209469153514,0.03263988522238164,0.059182209469153514
sequential,assisted,above human,low,car,45,0.03218378200559241,0.01491309830582817,0.0277975766215253,0.007895169691320796,0.11415099512034652,0.04945446570535666,0.42968364493667416,0.02604309446789846,0.01929930368989528,0.07610066341356433,0.0588299797138001,0.028674817698338725,0.015790339382641592,0.02604309446789846,0.01491309830582817,0.05822687647349087
sequential,assisted,above human,low,cat,39,0.029766693483507644,0.0751407884151247,0.07256637168141593,0.033628318584070796,0.024617860016090107,0.037489943684633945,0.011584875301689461,0.417538213998391,0.03491552695092518,0.07916331456154464,0.09573612228479485,0.05567176186645213,0.006436041834271922,0.012872083668543845,0.005148833467417538,0.0077232502011263075
sequential,assisted,above human,low,chair,47,0.007071041873826097,0.01178506978971016,0.027658085662726033,0.011195816300224653,0.02589032519426951,0.08175892166611423,0.00883880234228262,0.033550620557581116,0.4369314624535042,0.030604353110153575,0.02121312562147829,0.03999558059882886,0.013552830258166684,0.08529444260302729,0.05999337089824329,0.10466615106986336
sequential,assisted,above human,low,clock,50,0.010957027906180448,0.04262968669748331,0.033641499743194664,0.027478171545968155,0.039890429720938196,0.076356788221195,0.005478513953090224,0.015065913370998118,0.045368943674028425,0.23121040917651087,0.029532614278376994,0.013011470638589283,0.1100838897449067,0.08046567368601266,0.22650231124807396,0.012326656394453005
sequential,assisted,above human,low,dog,295,0.05285820817730593,0.08911804091058528,0.06828587694750263,0.06970515832604983,0.028032811861022685,0.0667463174860277,0.04192092116974445,0.09413764623810249,0.08320837776940286,0.04012476846469037,0.16216692994202597,0.08860485442342697,0.04076625157363825,0.027519625373864376,0.017873323123060517,0.02893088821354973
sequential,assisted,above human,low,elephant,27,0.0074418604651162795,0.11162790697674418,0.029767441860465118,0.011162790697674419,0.011162790697674419,0.045581395348837206,0.016744186046511626,0.09209302325581395,0.03162790697674419,0.016744186046511626,0.06046511627906977,0.34511627906976744,0.011162790697674419,0.17767441860465116,0.011162790697674419,0.02046511627906977
sequential,assisted,above human,low,keyboard,39,0.03140495867768595,0.0319135410044501,0.030387794024157658,0.014240305149396058,0.01576605212968849,0.07031150667514303,0.012714558169103623,0.014240305149396058,0.014240305149396058,0.03394787031150667,0.013223140495867768,0.011697393515575333,0.43115066751430386,0.06687857596948506,0.19313413858868403,0.014748887476160202
sequential,assisted,above human,low,knife,33,0.02888947786906971,0.05212474600229702,0.009894867037724181,0.04161144977471508,0.015549076773566569,0.044438554642636276,0.01696262920752717,0.047265659510557466,0.03878434490679389,0.0634331654739818,0.012721971905645375,0.015549076773566569,0.09859528226875167,0.448537856701122,0.043025002208675674,0.022616838943369556
sequential,assisted,above human,low,oven,35,0.0028391447076568186,0.01703486824594091,0.011356578830627274,0.02528613255256854,0.03096442196788218,0.014195723538284091,0.005678289415313637,0.0156152958921125,0.0940466684411321,0.06192884393576436,0.028125277260225356,0.02528613255256854,0.029544849614053764,0.0508384349214799,0.5477774820335374,0.03948185609085263
sequential,assisted,above human,low,truck,98,0.06157112526539278,0.006257682422617052,0.0035758185272097443,0.006257682422617052,0.05011733154542407,0.005363727790814616,0.14409431221365515,0.024695496703542295,0.036149290423511005,0.05548105933623868,0.012347748351771147,0.04743546765001676,0.02558945133534473,0.005363727790814616,0.13085260923008157,0.3848474689909487
sequential,assisted,above human,medium,airplane,37,0.7627458851866721,0.003211561621838619,0.006423123243677238,0.012846246487354477,0.03211561621838619,0.003211561621838619,0.07105580088317945,0.04737053392211963,0.004817342432757928,0.008028904054596548,0.011240465676435166,0.0016057808109193096,0.011240465676435166,0.006423123243677238,0.006423123243677238,0.011240465676435166
sequential,assisted,above human,medium,bear,63,0.007613971637955648,0.47054344722565905,0.03445322166174931,0.07775768535262205,0.01646521366707909,0.03140763300656705,0.021794993813648043,0.022556390977443608,0.022556390977443608,0.02988483867897592,0.11144950985057579,0.03749881031693157,0.032169030170362614,0.007613971637955648,0.027600647187589224,0.04863424383744171
sequential,assisted,above human,medium,bicycle,54,0.002418745275888133,0.007256235827664399,0.8376417233560091,0.004837490551776266,0.010884353741496598,0.02275132275132275,0.004837490551776266,0.002418745275888133,0.009674981103552532,0.007256235827664399,0.0036281179138321993,0.004837490551776266,0.037037037037037035,0.006046863189720332,0.008465608465608464,0.03000755857898715
sequential,assisted,above human,medium,bird,90,0.002421551811118959,0.07572394309353245,0.08031480173544547,0.45832912925032787,0.01967510846534154,0.07870043386136616,0.0032287357481586114,0.02290384421350015,0.012662698012309556,0.022096660276460497,0.024518212087579455,0.015084249823428514,0.11724346685500958,0.04959136313187368,0.004035919685198264,0.013469881949349208
sequential,assisted,above human,medium,boat,77,0.04544603049717133,0.016147765164287585,0.008392341987936008,0.017946124161702447,0.6059720505039151,0.05260200067438462,0.028698812333745456,0.005994529991382863,0.005994529991382863,0.004196170993968004,0.004196170993968004,0.027499906335468883,0.005994529991382863,0.0938143943651418,0.04780637668127833,0.029298265332883745
sequential,assisted,above human,medium,bottle,80,0.04040032679738562,0.013684640522875817,0.05016339869281045,0.019566993464052287,0.015645424836601307,0.4845996732026144,0.026715686274509803,0.024754901960784313,0.07426470588235294,0.006535947712418301,0.021527777777777774,0.056658496732026144,0.034517973856209146,0.04040032679738562,0.06450163398692811,0.026062091503267975
sequential,assisted,above human,medium,car,123,0.05606476917591292,0.05572917759087191,0.02594542441848271,0.03932713887199278,0.055057994420789895,0.012228118379931624,0.3504415126790696,0.039662730457033786,0.03448203536296327,0.03246848585271724,0.027958973928728738,0.024603058078318685,0.03481762694800428,0.05021289091176039,0.0406695052121568,0.1203305577112654
sequential,assisted,above human,medium,cat,72,0.014498432601880879,0.04741379310344828,0.01841692789968652,0.032915360501567396,0.01371473354231975,0.004702194357366771,0.003134796238244514,0.5775862068965517,0.007053291536050157,0.08581504702194358,0.11206896551724138,0.030564263322884012,0.015282131661442006,0.01841692789968652,0.01293103448275862,0.0054858934169279
sequential,assisted,above human,medium,chair,76,0.024566984800282788,0.01864616472251679,0.014404383174266525,0.01652527394839166,0.02880876634853305,0.03305054789678332,0.017232237539766704,0.020767055496641925,0.7127076705549663,0.02006009190526688,0.007069635913750442,0.017232237539766704,0.015818310357016613,0.04109225874867444,0.006362672322375397,0.005655708731000354
sequential,assisted,above human,medium,clock,132,0.024355751099937147,0.024355751099937147,0.04399748585795098,0.03755499685732244,0.016341923318667503,0.04619736015084852,0.03881206788183532,0.018227529855436832,0.053896920175989946,0.35747957259585167,0.04399748585795098,0.058453802639849145,0.026241357636706472,0.05232558139534883,0.11863607793840353,0.03912633563796354
sequential,assisted,above human,medium,dog,290,0.05459638400814871,0.06603004838298955,0.05759273406332229,0.06494355317884729,0.0314489432136491,0.01905610729140141,0.03580341227400051,0.0816908581614464,0.060996519820049236,0.04873949579831933,0.2514642220524574,0.05895085306850012,0.04860368389780154,0.05446057210763093,0.017969612087259147,0.04765300059417706
sequential,assisted,above human,medium,elephant,57,0.017665654249054735,0.05696398685923263,0.04227360069422922,0.02262443438914027,0.03136428438604103,0.005950536168102647,0.003967024112068431,0.036323064526126575,0.02758321452922581,0.03037252835802393,0.036323064526126575,0.5688960515713135,0.006942292196119754,0.08715056096200334,0.003967024112068431,0.021632678361123165
sequential,assisted,above human,medium,keyboard,84,0.0022939068100358423,0.002867383512544803,0.005734767025089606,0.013440860215053765,0.004014336917562724,0.004014336917562724,0.017455197132616486,0.006881720430107528,0.004587813620071685,0.035734767025089605,0.004014336917562724,0.001720430107526882,0.633978494623656,0.12032258064516128,0.13835125448028673,0.004587813620071685
sequential,assisted,above human,medium,knife,67,0.030431585496917248,0.030431585496917248,0.01838339272583291,0.01086034277956898,0.022003506985689234,0.03224164262684541,0.028621528366989085,0.04700492109282199,0.04247977826800158,0.05724305673397817,0.03224164262684541,0.029526556931953163,0.053622942474121846,0.47723287516262236,0.048814978222750154,0.03885966400814526
sequential,assisted,above human,medium,oven,69,0.01597892888498683,0.03880597014925373,0.01597892888498683,0.01597892888498683,0.04091308165057068,0.0305531167690957,0.001404741000877963,0.03950834064969271,0.020895522388059702,0.047234416154521515,0.0035118525021949074,0.029850746268656712,0.009833187006145742,0.029148375768217737,0.5952589991220368,0.06514486391571554
sequential,assisted,above human,medium,truck,68,0.04789590254706534,0.0033222591362126247,0.005537098560354374,0.0033222591362126247,0.01744186046511628,0.018549280177187155,0.10409745293466223,0.01522702104097453,0.016334440753045402,0.016334440753045402,0.005537098560354374,0.04125138427464009,0.01522702104097453,0.0033222591362126247,0.1431339977851606,0.5434662236987818
sequential,assisted,above human,high,airplane,144,0.9733585858585858,0.0007575757575757576,0.00101010101010101,0.000505050505050505,0.003282828282828283,0.000505050505050505,0.013257575757575756,0.0007575757575757576,0.0007575757575757576,0.0002525252525252525,0.0012626262626262625,0.0002525252525252525,0.0012626262626262625,0.00101010101010101,0.0007575757575757576,0.00101010101010101
sequential,assisted,above human,high,bear,107,0.001788059117704579,0.9014332411365351,0.011706199536222166,0.0026820886765568687,0.0008940295588522895,0.010812169977369876,0.0013410443382784343,0.009918140418517588,0.002235073897130724,0.0008940295588522895,0.03877853211521806,0.012600229095074456,0.001788059117704579,0.00044701477942614475,0.0008940295588522895,0.001788059117704579
sequential,assisted,above human,high,bicycle,137,0.0006115506631502503,0.0009173259947253755,0.9647976149524137,0.0009173259947253755,0.020830944463555403,0.0006115506631502503,0.0015288766578756257,0.0012231013263005006,0.001834651989450751,0.0009173259947253755,0.0012231013263005006,0.0012231013263005006,0.0009173259947253755,0.0006115506631502503,0.0012231013263005006,0.0006115506631502503
sequential,assisted,above human,high,bird,148,0.0014017381553125877,0.032450238295486405,0.020255116344266893,0.8645220072890384,0.008340342024109897,0.02495093916456406,0.0008410428931875525,0.00112139052425007,0.0008410428931875525,0.006377908606672273,0.00224278104850014,0.008620689655172414,0.019414073451079338,0.007218951499859826,0.0008410428931875525,0.000560695262125035
sequential,assisted,above human,high,boat,144,0.0017721518987341774,0.0027848101265822785,0.0012658227848101266,0.027025316455696204,0.8898892405063291,0.008275316455696203,0.0032911392405063295,0.007515822784810127,0.014525316455696203,0.002278481012658228,0.0012658227848101266,0.0010126582278481013,0.008022151898734177,0.007768987341772152,0.009034810126582278,0.014272151898734178
sequential,assisted,above human,high,bottle,125,0.0020263424518743665,0.0016886187098953055,0.010131712259371834,0.0006754474839581222,0.0016886187098953055,0.8696386355960825,0.0010131712259371832,0.009793988517392773,0.003377237419790611,0.009456264775413711,0.00303951367781155,0.0010131712259371832,0.00911854103343465,0.015873015873015872,0.05234718000675448,0.00911854103343465
sequential,assisted,above human,high,car,146,0.007843290789027223,0.0008352256414271918,0.0018792576932111817,0.00020880641035679796,0.008469710020097616,0.0022968705139247776,0.9288100644689793,0.0014616448724975857,0.0014616448724975857,0.0020880641035679794,0.007216871557956829,0.0016704512828543837,0.0016704512828543837,0.0018792576932111817,0.0014616448724975857,0.0307467439250385
sequential,assisted,above human,high,cat,129,0.0009567470599960135,0.010723539964121984,0.0006378313733306757,0.001913494119992027,0.0009567470599960135,0.00031891568666533784,0.008810045844129958,0.9242973888778153,0.003826988239984054,0.022284233605740483,0.01889575443492127,0.0015945784333266891,0.0012756627466613513,0.0009567470599960135,0.0012756627466613513,0.0012756627466613513
sequential,assisted,above human,high,chair,113,0.003809826176680689,0.0016932560785247507,0.002539884117787126,0.0021165700981559386,0.002539884117787126,0.01029182210228325,0.0021165700981559386,0.012408392200439189,0.9292007302166839,0.009445194063020874,0.0016932560785247507,0.0016932560785247507,0.0021165700981559386,0.011138450141545625,0.004233140196311877,0.002963198137418314
sequential,assisted,above human,high,clock,130,0.001138587439957303,0.0077032556484611285,0.001138587439957303,0.009411136808397082,0.0014232342999466287,0.00199252801992528,0.00028464685998932574,0.002277174879914606,0.00199252801992528,0.9130225938445116,0.008557196228429105,0.0008539405799679773,0.003415762319871909,0.0017078811599359545,0.043088418430884186,0.00199252801992528
sequential,assisted,above human,high,dog,190,0.03535527107139789,0.08385600137468854,0.03187559068648509,0.030730016897213393,0.006916401752727897,0.021021279033135724,0.011083426411203712,0.06585617321075694,0.036271730102815244,0.015708680585388206,0.48065412263367413,0.08921155883953374,0.03004267262365037,0.027021221754446257,0.016625139616805566,0.01777071340607727
sequential,assisted,above human,high,elephant,138,0.00026302811112937697,0.009123787604800263,0.008071675160282754,0.0007890843333881308,0.0007890843333881308,0.008334703271412131,0.0007890843333881308,0.0013151405556468846,0.0026302811112937693,0.0005260562222587539,0.00938681571592964,0.9140226861745849,0.0015781686667762616,0.03351964491204998,0.0013151405556468846,0.007545618938024001
sequential,assisted,above human,high,keyboard,126,0.00035321647754867763,0.0007064329550973553,0.0014128659101947105,0.0014128659101947105,0.0007064329550973553,0.0017660823877433882,0.0017660823877433882,0.001059649432646033,0.0014128659101947105,0.0014128659101947105,0.00035321647754867763,0.001059649432646033,0.8911210207956202,0.018323104772837655,0.07642721532959512,0.0007064329550973553
sequential,assisted,above human,high,knife,103,0.0013490345971164386,0.0017987127961552514,0.01065175233973188,0.0008993563980776257,0.0008993563980776257,0.002698069194232877,0.0008993563980776257,0.0017987127961552514,0.002248390995194064,0.0013490345971164386,0.0008993563980776257,0.0008993563980776257,0.01905511368426969,0.9434529664708693,0.010202074140693067,0.0008993563980776257
sequential,assisted,above human,high,oven,100,0.0009713453132588636,0.0009713453132588636,0.0009713453132588636,0.0014570179698882952,0.0019426906265177272,0.0014570179698882952,0.0019426906265177272,0.0024283632831471587,0.019184069936862554,0.06192326372025255,0.01007770762506071,0.0019426906265177272,0.012506070908207868,0.029747450218552695,0.84191355026712,0.01056338028169014
sequential,assisted,above human,high,truck,159,0.04966490299823633,0.000564373897707231,0.006843033509700176,0.0014109347442680775,0.011710758377425046,0.001128747795414462,0.03541446208112875,0.001128747795414462,0.0014109347442680775,0.006843033509700176,0.001128747795414462,0.0065608465608465606,0.0065608465608465606,0.0014109347442680775,0.05883597883597883,0.8093827160493827
