noise_level,confidence,human_label,n,P_true_airplane,P_true_bear,P_true_bicycle,P_true_bird,P_true_boat,P_true_bottle,P_true_car,P_true_cat,P_true_chair,P_true_clock,P_true_dog,P_true_elephant,P_true_keyboard,P_true_knife,P_true_oven,P_true_truck
80,low,airplane,9,0.30640776699029126,0.062135922330097085,0.012427184466019417,0.018640776699029128,0.062135922330097085,0.04349514563106796,0.006213592233009708,0.08660194174757281,0.08038834951456311,0.10485436893203882,0.06485436893203883,0.015533980582524271,0.0741747572815534,0.037281553398058255,0.012427184466019417,0.012427184466019417
80,low,bear,24,0.002325581395348837,0.5848837209302326,0.04709302325581395,0.07325581395348837,0.0,0.015116279069767442,0.0011627906976744186,0.04709302325581395,0.012790697674418604,0.0011627906976744186,0.13546511627906976,0.05988372093023255,0.004651162790697674,0.002325581395348837,0.0034883720930232558,0.009302325581395349
80,low,bicycle,28,0.026476101218369262,0.08692596063730083,0.5096063730084349,0.016869728209934397,0.05670103092783505,0.01874414245548266,0.0018744142455482662,0.007497656982193065,0.07731958762886598,0.052952202436738524,0.05459231490159325,0.04709465791940018,0.0018744142455482662,0.0037488284910965324,0.03022492970946579,0.007497656982193065
80,low,bird,35,0.0021488047273704003,0.048616706956755296,0.0204136449100188,0.5329035723878593,0.005372011818426,0.06956755304861671,0.0,0.0400214880472737,0.008595218909481601,0.10448562986838571,0.1270480795057749,0.0236368520010744,0.005372011818426,0.007520816545796401,0.0042976094547408005,0.0
80,low,boat,26,0.01810310901219992,0.04427390791027155,0.08323494687131051,0.06414797323888233,0.39433293978748524,0.023612750885478158,0.009445100354191263,0.03955135773317592,0.12987012987012989,0.01652892561983471,0.03876426603699331,0.023612750885478158,0.009445100354191263,0.0743801652892562,0.014167650531286895,0.01652892561983471
80,low,bottle,42,0.019240379810094955,0.0069965017491254375,0.046476761619190406,0.001999000499750125,0.043478260869565216,0.6426786606696652,0.0009995002498750624,0.005997001499250375,0.09395302348825588,0.024237881059470265,0.00399800099950025,0.005997001499250375,0.0,0.04847576211894053,0.05347326336831584,0.001999000499750125
80,low,car,8,0.031746031746031744,0.023809523809523808,0.018518518518518517,0.052248677248677246,0.08134920634920635,0.08134920634920635,0.1402116402116402,0.007936507936507936,0.047619047619047616,0.11243386243386244,0.023809523809523808,0.0291005291005291,0.021164021164021163,0.13624338624338625,0.12103174603174603,0.07142857142857142
80,low,cat,25,0.0020757654385054488,0.14063310845874416,0.043072132848988066,0.0892579138557343,0.0020757654385054488,0.038920601971977165,0.003113648157758173,0.38038401660612353,0.07057602490918526,0.005189413596263622,0.15879605604566682,0.02387130254281266,0.0072651790347690705,0.028541774779449924,0.005189413596263622,0.0010378827192527244
80,low,chair,61,0.00231394440748561,0.006016255459462586,0.005090677696468342,0.00231394440748561,0.007867410985451075,0.1265727590894629,0.000925577762994244,0.008792988748445318,0.4395337402018917,0.02039163509096694,0.01854047956497845,0.03846932577444827,0.021780001735458306,0.076504786972493,0.19567292395800193,0.02921354814450583
80,low,clock,27,0.0016913319238900633,0.018604651162790697,0.013530655391120507,0.00507399577167019,0.024947145877378438,0.07188160676532769,0.0033826638477801266,0.00507399577167019,0.13530655391120508,0.5044397463002114,0.00507399577167019,0.01014799154334038,0.06342494714587739,0.016913319238900635,0.10866807610993658,0.011839323467230442
80,low,dog,27,0.0019583843329253367,0.1287637698898409,0.006854345165238677,0.042839657282741736,0.003916768665850673,0.04675642594859241,0.0009791921664626683,0.11946144430844553,0.014687882496940023,0.03598531211750306,0.5089351285189718,0.06536107711138311,0.007833537331701347,0.002937576499388005,0.002937576499388005,0.009791921664626682
80,low,elephant,11,0.0,0.04051915163026275,0.020259575815131374,0.025324469768914212,0.012662234884457106,0.062361506805951254,0.0,0.010129787907565687,0.12219056663501107,0.0,0.043051598607154164,0.6381766381766382,0.0025324469768914218,0.0050648939537828435,0.010129787907565687,0.0075973409306742635
80,low,keyboard,57,0.004251299008030232,0.030703826169107225,0.0014170996693434106,0.0018894662257912139,0.017005196032120928,0.0406235238545111,0.0018894662257912139,0.01653282947567312,0.08738781294284365,0.08360888049126122,0.0018894662257912139,0.018422295701464336,0.40151157298063295,0.06140765233821445,0.22957014643363252,0.0018894662257912139
80,low,knife,17,0.002551834130781499,0.0481658692185008,0.015311004784688996,0.0,0.0430622009569378,0.06347687400318978,0.005103668261562998,0.007655502392344498,0.17990430622009568,0.012759170653907496,0.007655502392344498,0.020414673046251993,0.05071770334928229,0.48995215311004786,0.0430622009569378,0.010207336523125997
80,low,oven,87,0.0012502197651931004,0.0012502197651931004,0.0018753296477896505,0.0,0.002500439530386201,0.09988083842863003,0.0003125549412982751,0.0006251098825965502,0.07700572366236252,0.05823289250063488,0.011896622453165594,0.002812994471684476,0.006251098825965502,0.024105799847629467,0.7088746068644879,0.003125549412982751
80,low,truck,19,0.08747461069735953,0.006499661475964793,0.004333107650643196,0.002166553825321598,0.07190250507786052,0.11821259309410968,0.006499661475964793,0.002166553825321598,0.09830737982396749,0.006499661475964793,0.004333107650643196,0.010832769126607989,0.017332430602572783,0.019498984427894384,0.13297224102911306,0.4109681787406906
80,medium,airplane,32,0.8370098039215685,0.0,0.0028011204481792717,0.004201680672268907,0.05707282913165266,0.0,0.027836134453781514,0.0014005602240896359,0.004201680672268907,0.0,0.0056022408963585435,0.0,0.0,0.008403361344537815,0.04726890756302521,0.004201680672268907
80,medium,bear,65,0.0,0.9091157578242449,0.0007288961778506674,0.0007288961778506674,0.0014577923557013348,0.0014577923557013348,0.0,0.03198031980319803,0.0,0.0007288961778506674,0.048699375882647715,0.003644480889253337,0.0007288961778506674,0.0,0.0,0.0007288961778506674
80,medium,bicycle,26,0.0,0.005772005772005772,0.9434824434824436,0.0,0.001924001924001924,0.0,0.001924001924001924,0.0,0.007696007696007696,0.025733525733525737,0.001924001924001924,0.0,0.003848003848003848,0.0,0.005772005772005772,0.001924001924001924
80,medium,bird,40,0.0,0.04169157202630006,0.004781829049611476,0.9057830245068738,0.0035863717872086074,0.001195457262402869,0.0,0.004781829049611476,0.02502988643156007,0.0,0.0035863717872086074,0.005977286312014345,0.001195457262402869,0.0,0.002390914524805738,0.0
80,medium,boat,54,0.020595968448729185,0.015687992988606486,0.0021034180543383,0.0035056967572304996,0.7375985977212971,0.0042068361086766,0.005609114811568799,0.0049079754601227,0.06695880806310253,0.017791411042944783,0.0028045574057843996,0.016389132340052587,0.016389132340052587,0.04706397896581946,0.0035056967572304996,0.034881682734443475
80,medium,bottle,63,0.0,0.0014570621983425918,0.0014570621983425918,0.0014570621983425918,0.014115290046443857,0.8695929332483381,0.0,0.0007285310991712959,0.030416173390401605,0.0007285310991712959,0.017029414443129044,0.0007285310991712959,0.0036426554958564794,0.0021855932975138877,0.05573262908660414,0.0007285310991712959
80,medium,car,53,0.005009840758633029,0.015208445160135982,0.016639828234031134,0.015924136697083556,0.05206655931293613,0.01878690284487386,0.595276435856146,0.0014313830738951511,0.0035784576847378777,0.0527822508498837,0.04777241009125067,0.016639828234031134,0.02308105206655931,0.0028627661477903022,0.024512435140454463,0.1084272678475577
80,medium,cat,50,0.0,0.09434061873086264,0.0025340513145391194,0.0387498680181607,0.0008446837715130398,0.0033787350860521592,0.0,0.7691373666983423,0.01853025023756731,0.0,0.06488227219934538,0.005068102629078239,0.0016893675430260796,0.0,0.0008446837715130398,0.0
80,medium,chair,55,0.002759413624604771,0.015004311583788444,0.0018396090830698477,0.0018396090830698477,0.002759413624604771,0.03460764587525151,0.0,0.0018396090830698477,0.8385743029606209,0.002759413624604771,0.005518827249209542,0.03276803679218166,0.016843920666858293,0.018683529749928138,0.022362747916067835,0.0018396090830698477
80,medium,clock,39,0.0,0.0,0.019399011030810192,0.019399011030810192,0.023050589577786232,0.0036515785469760365,0.002434385697984024,0.0,0.004868771395968048,0.8216051730696082,0.002434385697984024,0.020616203879802203,0.02791936097375428,0.00608596424496006,0.048535564853556486,0.0
80,medium,dog,75,0.0005393379626508461,0.15937436796332502,0.0010786759253016921,0.015843052652868606,0.0010786759253016921,0.015303714690217757,0.0,0.062495786422166785,0.0021573518506033842,0.0016180138879525383,0.6989145823501651,0.0043147037012067685,0.0016180138879525383,0.011528348951661835,0.012067686914312682,0.012067686914312682
80,medium,elephant,46,0.0,0.046178557087404634,0.0032124213626020613,0.023624682104135996,0.0010708071208673537,0.018270646499799224,0.0,0.0021416142417347074,0.019341453620666575,0.0032124213626020613,0.028978717708472757,0.8324856110293133,0.0,0.01719983937893187,0.0032124213626020613,0.0010708071208673537
80,medium,keyboard,75,0.0004602727115816121,0.012830101835337436,0.0004602727115816121,0.0013808181347448362,0.0009205454231632242,0.048558771071860074,0.011449283700592602,0.012369829123755824,0.013750647258500661,0.015131465393245497,0.0,0.0,0.7117542143720154,0.015131465393245497,0.15488176744721247,0.0009205454231632242
80,medium,knife,42,0.002347762289068232,0.002347762289068232,0.0035216434336023477,0.007043286867204695,0.0,0.03917828319882612,0.002347762289068232,0.018415260454878946,0.041526045487894354,0.002347762289068232,0.002347762289068232,0.020763022743947177,0.004695524578136464,0.8276595744680851,0.004695524578136464,0.020763022743947177
80,medium,oven,91,0.0007070104504982214,0.0003535052252491107,0.0,0.0,0.0003535052252491107,0.05238505556660259,0.0003535052252491107,0.0010605156757473322,0.04480678730032479,0.06526590221161706,0.0010605156757473322,0.019752104460794062,0.013587857095512693,0.013587857095512693,0.7749055478226288,0.01182033096926714
80,medium,truck,43,0.04103479036574487,0.0011894142134998512,0.0011894142134998512,0.0,0.04698186143324412,0.018138566755872734,0.04698186143324412,0.0,0.042224204579244716,0.020517395182872437,0.0,0.0,0.0,0.0011894142134998512,0.07106749925661612,0.7094855783526612
80,high,airplane,331,0.9720968425236798,0.0030073693624899974,4.1841660695513004e-05,0.000125524982086539,0.01244789405691512,0.0,4.1841660695513004e-05,0.003091052683881023,4.1841660695513004e-05,4.1841660695513004e-05,8.368332139102601e-05,0.0,0.000125524982086539,0.005847372082197943,0.0029236860410989714,8.368332139102601e-05
80,high,bear,215,0.0,0.9745744833464132,0.0,0.000135017678877328,0.0,0.004734057365636313,0.0,0.0008101060732639679,0.000135017678877328,0.000270035357754656,0.009603132410149954,0.009333097052395298,0.000270035357754656,0.0,0.0,0.000135017678877328
80,high,bicycle,275,0.00012906764758078827,6.453382379039414e-05,0.9917074036429343,0.0,0.0036300275882096703,6.453382379039414e-05,6.453382379039414e-05,6.453382379039414e-05,0.00045173676653275903,0.0,0.0035654937644192764,6.453382379039414e-05,6.453382379039414e-05,6.453382379039414e-05,0.0,6.453382379039414e-05
80,high,bird,258,0.0,0.003878332793352519,0.00015246517123744546,0.9685921747250862,0.0,0.0037258676221150733,7.623258561872273e-05,0.004107030550208686,0.007527967829848868,7.623258561872273e-05,0.004107030550208686,7.623258561872273e-05,7.623258561872273e-05,0.0,0.007451735244230147,0.00015246517123744546
80,high,boat,254,0.008136004857316333,8.095527221210281e-05,0.0037846589759158067,0.003946569520340012,0.9671321594818862,0.00040477636106051404,0.003946569520340012,8.095527221210281e-05,0.003946569520340012,0.0,0.00016191054442420561,0.00016191054442420561,8.095527221210281e-05,8.095527221210281e-05,0.007569317951831613,0.0004857316332726169
80,high,bottle,195,0.0,0.00028832465355990846,0.0050276611464509045,0.0,0.00014416232677995423,0.9785918944731767,0.00014416232677995423,0.00488349881967095,0.0050276611464509045,0.0,0.00014416232677995423,0.00014416232677995423,0.00028832465355990846,0.0,0.005315985800010812,0.0
80,high,car,330,0.0030550317867556903,0.0,4.121459408776648e-05,0.0,0.009536026707056968,0.00012364378226329943,0.9027747725469589,0.0030138171926679235,0.0061100635735113805,0.01201405417658393,0.0030550317867556903,4.121459408776648e-05,0.0002060729704388324,0.0030138171926679235,0.006068848979423613,0.05094639011674034
80,high,cat,255,0.0,0.0267420820926356,0.00015197063167542873,0.0041459487953952896,7.598531583771437e-05,7.598531583771437e-05,0.0,0.9521482473511993,0.003993978163719861,7.598531583771437e-05,0.012209890438672726,7.598531583771437e-05,0.0,0.0,0.00015197063167542873,0.00015197063167542873
80,high,chair,201,0.0005492195075903852,0.0001373048768975963,0.004882904684670768,0.0,0.0001373048768975963,0.010589638630727117,0.0,0.004882904684670768,0.9711917205159231,0.00041191463069278894,0.0002746097537951926,0.00041191463069278894,0.00041191463069278894,0.00041191463069278894,0.00556942906915875,0.0001373048768975963
80,high,clock,247,7.566729092181677e-05,0.0,0.00015133458184363353,0.00015133458184363353,7.566729092181677e-05,0.00015133458184363353,0.0,0.0,0.0,0.9949113746855078,0.0,0.0,0.0002270018727654503,7.566729092181677e-05,0.004180617823430377,0.0
80,high,dog,246,0.0,0.03401901318726792,0.0002613496531672311,0.0003484662042229748,8.71165510557437e-05,0.020216484629373522,0.0,0.03618059261033856,0.007982053990482517,8.71165510557437e-05,0.8802528557894392,0.016225457634132263,8.71165510557437e-05,8.71165510557437e-05,8.71165510557437e-05,0.004078143546297003
80,high,elephant,282,0.0,0.011185682326621925,0.0002796420581655481,0.0004893736017897092,6.991051454138702e-05,6.991051454138702e-05,0.0,6.991051454138702e-05,0.00020973154362416107,0.0,0.0035654362416107383,0.9840604026845637,0.0,0.0,0.0,0.0
80,high,keyboard,308,0.0,0.0001541604039002582,5.138680130008608e-05,0.00010277360260017215,5.138680130008608e-05,0.013424801839647487,0.003137806554386506,0.00010277360260017215,0.00025693400650043035,0.00642977351267327,0.0,0.0,0.9432657596896238,0.006326999910073097,0.026541282871494456,0.0001541604039002582
80,high,knife,293,5.746940652062254e-05,0.0,5.746940652062254e-05,5.746940652062254e-05,5.746940652062254e-05,0.0,0.0,0.00011493881304124508,0.0033511847677338016,5.746940652062254e-05,0.0,0.003293715361213179,0.006644900128946981,0.9829567291287278,0.003293715361213179,5.746940652062254e-05
80,high,oven,164,0.0,0.0,0.00022222222222222223,0.011555555555555557,0.0,0.0077777777777777776,0.0,0.0,0.018000000000000002,0.02688888888888889,0.0,0.0,0.006444444444444444,0.0071111111111111115,0.9217777777777777,0.00022222222222222223
80,high,truck,229,0.0003573522432228705,0.0,8.933806080571763e-05,8.933806080571763e-05,0.008699293670956754,0.0041709707138669425,0.014031659175298026,0.00017867612161143526,0.00017867612161143526,0.0,0.0041709707138669425,0.0,0.004260308774672659,8.933806080571763e-05,0.004975013261118401,0.9587090650213573
95,low,airplane,18,0.34294688749286123,0.13392347230154197,0.009137635636778982,0.013706453455168476,0.045688178183894916,0.03198172472872644,0.004568817818389491,0.034266133637921185,0.1473443746430611,0.018275271273557964,0.018275271273557964,0.04083380925185608,0.054540262707024556,0.08623643632210165,0.009137635636778982,0.009137635636778982
95,low,bear,56,0.0012919896640826874,0.5332687338501292,0.01227390180878553,0.054586563307493535,0.0,0.03617571059431525,0.0006459948320413437,0.06782945736434108,0.03488372093023256,0.0006459948320413437,0.20025839793281655,0.01937984496124031,0.002583979328165375,0.0012919896640826874,0.001937984496124031,0.03294573643410852
95,low,bicycle,24,0.004123711340206186,0.020618556701030927,0.5605670103092784,0.04355670103092783,0.012371134020618558,0.020618556701030927,0.002061855670103093,0.03324742268041237,0.06005154639175257,0.03324742268041237,0.06005154639175257,0.0768041237113402,0.002061855670103093,0.004123711340206186,0.05824742268041237,0.008247422680412371
95,low,bird,42,0.0018894662257912139,0.0944733112895607,0.069674067076051,0.3996221067548418,0.004723665564478035,0.043930089749645726,0.0,0.052432687765706185,0.059282002834199335,0.005668398677373641,0.12895606991025035,0.07250826641473783,0.004723665564478035,0.0410958904109589,0.021020311761927254,0.0
95,low,boat,61,0.009874423097563593,0.06311044327573254,0.032413867124610925,0.04797681657185789,0.28002575936460233,0.05184072126220887,0.005151872920467962,0.060534506815498546,0.09681227863046045,0.04797681657185789,0.03413115809810025,0.025866695288182893,0.031125898894493936,0.13148009015777612,0.05967586132875389,0.02200279059783192
95,low,bottle,62,0.0014864362690449647,0.005202526941657377,0.008918617614269788,0.0014864362690449647,0.032329988851727984,0.6830174656261613,0.0007432181345224824,0.04292084726867335,0.12114455592716461,0.018023039762170196,0.0029728725380899295,0.004459308807134894,0.0,0.023225566703827576,0.05258268301746562,0.0014864362690449647
95,low,car,35,0.014939309056956115,0.030812324929971987,0.02832244008714597,0.004979769685652038,0.09710550887021475,0.07749766573295985,0.20323685029567384,0.0037348272642390287,0.04201680672268907,0.052910052910052914,0.0700280112044818,0.013694366635543105,0.009959539371304076,0.0837223778400249,0.1549953314659197,0.11204481792717087
95,low,cat,53,0.0012334258402713536,0.18501387604070305,0.0545790934320074,0.08202281837804501,0.0012334258402713536,0.037619488128276285,0.0018501387604070304,0.3999383287079864,0.02744372494603762,0.003083564600678384,0.16682084489670057,0.02867715078630897,0.004316990440949737,0.002466851680542707,0.003083564600678384,0.0006167129201356768
95,low,chair,74,0.013090819104182132,0.027369463004206878,0.015466468695867359,0.001979707993071022,0.028953229398663696,0.14162336055431826,0.0007918831972284088,0.05196733481811433,0.4204899777282851,0.028557287800049493,0.004751299183370453,0.07735708982925019,0.04085622370700322,0.043231873298688446,0.10074239049740163,0.002771591190299431
95,low,clock,38,0.0013468013468013467,0.014814814814814815,0.02929292929292929,0.02255892255892256,0.0013468013468013467,0.057239057239057235,0.0026936026936026933,0.00404040404040404,0.1632996632996633,0.47575757575757577,0.00404040404040404,0.00808080808080808,0.03198653198653199,0.03198653198653199,0.12356902356902356,0.027946127946127945
95,low,dog,46,0.0013582342954159593,0.23446519524617998,0.004753820033955857,0.029711375212224108,0.0027164685908319186,0.03242784380305603,0.0006791171477079797,0.09898132427843803,0.02631578947368421,0.04108658743633277,0.4174872665534805,0.09371816638370119,0.005432937181663837,0.0020373514431239388,0.0020373514431239388,0.006791171477079796
95,low,elephant,27,0.0,0.04869807195388591,0.01272112900019877,0.01590141125024846,0.031206519578612604,0.06241303915722521,0.0,0.006360564500099385,0.05346849532896044,0.0,0.05028821307891076,0.70304114490161,0.0015901411250248462,0.0031802822500496923,0.006360564500099385,0.004770423375074538
95,low,keyboard,80,0.003232758620689655,0.002514367816091954,0.0010775862068965517,0.0014367816091954023,0.01293103448275862,0.05172413793103448,0.0014367816091954023,0.0021551724137931034,0.09770114942528736,0.08441091954022989,0.01185344827586207,0.014008620689655173,0.305316091954023,0.14044540229885058,0.2683189655172414,0.0014367816091954023
95,low,knife,22,0.0022160664819944596,0.015512465373961217,0.03961218836565097,0.0,0.037396121883656507,0.02880886426592798,0.004432132963988919,0.00664819944598338,0.1562326869806094,0.06371191135734072,0.00664819944598338,0.017728531855955677,0.017728531855955677,0.5833795013850416,0.0110803324099723,0.008864265927977838
95,low,oven,98,0.0011295845246920117,0.0011295845246920117,0.0016943767870380175,0.0,0.0022591690493840235,0.07269935401884994,0.00028239613117300293,0.0005647922623460059,0.09589113629143281,0.052613929189170114,0.010748702742772424,0.011313495005118432,0.05827950157082848,0.021779801616717852,0.6404744255003707,0.02913975078541424
95,low,truck,38,0.03817798841495525,0.04124978058627348,0.00280849569949096,0.00140424784974548,0.19475162366157625,0.07661927330173776,0.00421274354923644,0.00140424784974548,0.11927330173775672,0.022731262067754957,0.00280849569949096,0.0070212392487274,0.01123398279796384,0.04967526768474636,0.19729682288923997,0.22933122696155872
95,medium,airplane,52,0.8996539792387542,0.0,0.001977261492832427,0.002965892239248641,0.010874938210578349,0.0,0.03435491843796342,0.0009886307464162135,0.002965892239248641,0.0,0.01866040533860603,0.0,0.0,0.020637666831438455,0.003954522985664854,0.002965892239248641
95,medium,bear,90,0.0,0.864512984752489,0.009990948966093436,0.009990948966093436,0.0011139734038849822,0.010547935668035925,0.0,0.0244377915477268,0.0,0.0005569867019424911,0.06551556081598552,0.0122188957738634,0.0005569867019424911,0.0,0.0,0.0005569867019424911
95,medium,bicycle,51,0.0,0.01854364540931705,0.9496457108397407,0.0,0.0012060907583295644,0.0,0.0012060907583295644,0.0,0.019749736167646616,0.0012060907583295644,0.0012060907583295644,0.0,0.002412181516659129,0.0,0.003618272274988693,0.0012060907583295644
95,medium,bird,75,0.0,0.014667341027173663,0.002942664030530139,0.8650972458503838,0.013196009011908594,0.0007356660076325347,0.0,0.024920686008552115,0.015403007034806198,0.0,0.024185020000919582,0.014667341027173663,0.0007356660076325347,0.0,0.023449353993287046,0.0
95,medium,boat,80,0.015017893660531698,0.01143916155419223,0.0015337423312883436,0.002556237218813906,0.8190823108384458,0.013484151329243355,0.014506646216768915,0.0244120654396728,0.02799079754601227,0.002556237218813906,0.01246165644171779,0.011950408997955011,0.0015337423312883436,0.003067484662576687,0.012972903885480572,0.025434560327198364
95,medium,bottle,76,0.0,0.012120738192055051,0.0012511729746637473,0.0012511729746637473,0.0012511729746637473,0.9097591492023772,0.0,0.0006255864873318737,0.004379105411323116,0.0006255864873318737,0.014623084141382548,0.0006255864873318737,0.013997497654050672,0.02361588989677823,0.004379105411323116,0.01149515170472318
95,medium,car,63,0.017033911548679483,0.0006250976715111736,0.0018752930145335208,0.0012501953430223472,0.04547585560243788,0.0037505860290670415,0.6844819503047351,0.0012501953430223472,0.0284419440537584,0.04610095327394906,0.029067041725269572,0.0018752930145335208,0.007501172058134083,0.01515861853414596,0.04672605094546023,0.06938584153774026
95,medium,cat,67,0.0,0.05092145585827631,0.002015028756139541,0.018764955291549472,0.0006716762520465136,0.0026867050081860544,0.0,0.8284706771336215,0.014734897779270392,0.0,0.0756895176524915,0.004030057512279082,0.0013433525040930272,0.0,0.0006716762520465136,0.0
95,medium,chair,70,0.025533934504034173,0.0007593735168486,0.0015187470336972,0.0015187470336972,0.013906027527289984,0.028571428571428574,0.0,0.013146654010441386,0.831846226862838,0.0022781205505457997,0.027812055054579968,0.0037968675842429992,0.0022781205505457997,0.027052681537731372,0.018462268628381583,0.0015187470336972
95,medium,clock,59,0.0,0.0,0.0008926080892608088,0.0008926080892608088,0.0035704323570432354,0.0026778242677824265,0.01511854951185495,0.0,0.0035704323570432354,0.8825104602510461,0.0017852161785216177,0.0017852161785216177,0.020474198047419807,0.031129707112970712,0.03559274755927475,0.0
95,medium,dog,72,0.0005577244841048522,0.14208031232571108,0.0011154489682097045,0.0277467930842164,0.012479085331846069,0.027189068600111544,0.0,0.007808142777467931,0.013594534300055772,0.0016731734523145567,0.745468488566648,0.01582543223647518,0.0016731734523145567,0.0005577244841048522,0.0011154489682097045,0.0011154489682097045
95,medium,elephant,63,0.0,0.07421608277745681,0.002521140816219339,0.005882661904511792,0.0008403802720731131,0.0016807605441462262,0.0,0.014338988392247492,0.002521140816219339,0.015179368664320604,0.060717474657282416,0.8179000997951573,0.0,0.0008403802720731131,0.002521140816219339,0.0008403802720731131
95,medium,keyboard,95,0.009386349700485826,0.01952738078392529,0.00037734069147681715,0.0011320220744304513,0.009763690391962645,0.0308004339417952,0.00037734069147681715,0.0011320220744304513,0.029291071175887928,0.030423093250318382,0.0,0.0,0.7276543559266072,0.012405075232300363,0.11796613367293995,0.009763690391962645
95,medium,knife,59,0.0018156028368794327,0.015148936170212766,0.016056737588652482,0.05878014184397163,0.0,0.0036312056737588653,0.0018156028368794327,0.0009078014184397163,0.032113475177304965,0.015148936170212766,0.0018156028368794327,0.016056737588652482,0.0169645390070922,0.7733900709219859,0.0169645390070922,0.029390070921985815
95,medium,oven,130,0.000518151494543217,0.00710839081576476,0.0,0.0,0.00710839081576476,0.031542472230318336,0.0002590757472716085,0.0076265423103079755,0.025988535898183233,0.047831859840020724,0.014475857378801128,0.0007772272418148256,0.030506169241231902,0.0168075391042456,0.8007869425823375,0.00866284529939441
95,medium,truck,55,0.02001482579688658,0.0009883864591055103,0.0009883864591055103,0.0,0.03904126513466765,0.0009883864591055103,0.03904126513466765,0.0,0.03508771929824561,0.0029651593773165306,0.0,0.0,0.0,0.0009883864591055103,0.04497158388930072,0.8149246355324932
95,high,airplane,300,0.9788531783408762,0.00013783914172161088,4.594638057387029e-05,0.0033023961037469273,0.007339934296675779,0.0,4.594638057387029e-05,0.0033942888648946677,0.003210503342599187,4.594638057387029e-05,9.189276114774059e-05,0.0,0.0033023961037469273,9.189276114774059e-05,4.594638057387029e-05,9.189276114774059e-05
95,high,bear,155,0.0,0.9539573430001255,0.0,0.00603034551941908,0.0,0.0005471769091344345,0.0,0.018638213467391675,0.0001823923030448115,0.000364784606089623,0.018820605770436486,0.0009119615152240575,0.000364784606089623,0.0,0.0,0.0001823923030448115
95,high,bicycle,252,0.00014014434867913952,0.0038014154579216596,0.9723390091794548,0.0,0.003941559806600798,0.0038014154579216596,7.007217433956976e-05,7.007217433956976e-05,0.011684535071123258,0.0,0.00014014434867913952,0.0038014154579216596,7.007217433956976e-05,7.007217433956976e-05,0.0,7.007217433956976e-05
95,high,bird,218,0.0,0.004541295664011069,0.00445203186717547,0.9717703242507421,0.0,8.92637968355984e-05,8.92637968355984e-05,0.004809087054517863,0.004541295664011069,8.92637968355984e-05,0.004809087054517863,0.004362768070339872,8.92637968355984e-05,0.0,0.0001785275936711968,0.0001785275936711968
95,high,boat,209,0.005318761384335155,0.0045415907710989675,9.714632665452337e-05,0.004735883424408015,0.956114146933819,0.009374620522161507,0.00029143897996357013,9.714632665452337e-05,0.009180327868852459,0.0,0.00019429265330904674,0.00019429265330904674,9.714632665452337e-05,9.714632665452337e-05,0.00019429265330904674,0.00947176684881603
95,high,bottle,150,0.0,0.0003664849512116909,0.0003664849512116909,0.0,0.00018324247560584544,0.9848366851436162,0.00018324247560584544,0.00018324247560584544,0.00639058133675386,0.0,0.00018324247560584544,0.006207338861148015,0.0003664849512116909,0.0,0.0007329699024233818,0.0
95,high,car,298,0.00018165922999193885,0.0,4.5414807497984714e-05,0.0,0.020061991212234752,0.00013624442249395415,0.9215288894944197,0.003320957798290132,0.006732745211576235,0.00368427625827401,0.00018165922999193885,0.003230128183294163,0.003411787413286102,0.00013624442249395415,0.0035026170282820715,0.03384538528787311
95,high,cat,214,0.0,0.014117844552627162,0.00017906104862626602,0.00488500923283532,0.0044373566112696555,8.953052431313301e-05,0.0,0.9479659784007609,0.009053774271165575,8.953052431313301e-05,0.018734262212523084,8.953052431313301e-05,0.0,0.0,0.00017906104862626602,0.00017906104862626602
95,high,chair,163,0.011838997950542534,0.00016645339825015865,0.0003329067965003173,0.0,0.005753045577021108,0.018424310518814435,0.0,0.0003329067965003173,0.9315564433070128,0.006085952373521425,0.011506091154042216,0.000499360194750476,0.006085952373521425,0.000499360194750476,0.00675176596652206,0.00016645339825015865
95,high,clock,215,8.614933988068316e-05,0.0,0.0045013030087656955,0.0045013030087656955,8.614933988068316e-05,0.00017229867976136632,0.0,0.0,0.0,0.9855484482350154,0.0,0.0,0.0002584480196420495,8.614933988068316e-05,0.0047597510284077445,0.0
95,high,dog,206,0.0,0.0626710876354243,0.0003084396807649304,0.009420261916695583,0.00010281322692164347,0.023859094472503888,0.0,0.024681600287877036,0.0004112529076865739,0.00010281322692164347,0.8586767937695184,0.010139954505147089,0.00010281322692164347,0.004607317731426148,0.00010281322692164347,0.004812944185269435
95,high,elephant,246,0.0,0.012722646310432571,0.004134860050890585,0.008190203562340967,0.0038963104325699742,7.951653944020355e-05,0.0,7.951653944020355e-05,0.00023854961832061068,0.0,0.00023854961832061068,0.9704198473282443,0.0,0.0,0.0,0.0
95,high,keyboard,281,0.0,0.00016817498607300896,5.6058328691002995e-05,0.00011211665738200599,5.6058328691002995e-05,0.01464523837052453,5.6058328691002995e-05,0.00011211665738200599,0.007014298377461749,0.0036472950104583825,0.0,0.0,0.9347410981125862,0.00016817498607300896,0.039055136869913146,0.00016817498607300896
95,high,knife,255,6.55278472873519e-05,0.0,6.55278472873519e-05,6.55278472873519e-05,6.55278472873519e-05,0.0,0.0,0.0001310556945747038,0.0001310556945747038,6.55278472873519e-05,0.0,6.55278472873519e-05,0.003886620442231059,0.9953270453903207,6.55278472873519e-05,6.55278472873519e-05
95,high,oven,120,0.0,0.0,0.00029411764705882356,0.0005882352941176471,0.0,0.03235294117647059,0.0,0.0,0.01647058823529412,0.07235294117647059,0.0,0.0,0.0011764705882352942,0.002058823529411765,0.8670588235294118,0.007647058823529412
95,high,truck,217,0.0046676021441613876,0.0,9.393916264978892e-05,0.004385784656212021,0.0048554804694609655,9.393916264978892e-05,0.023338010720806938,0.00447972381886181,0.00447972381886181,0.0,9.393916264978892e-05,0.0,0.00447972381886181,0.004385784656212021,0.013814928107184585,0.9308314203014273
110,low,airplane,58,0.27919181317239566,0.07504591970611388,0.004198373130411965,0.01981107320913146,0.12909997376016794,0.08226187352400945,0.0020991865652059826,0.06979795329309892,0.04067173970086591,0.03542377328785096,0.03542377328785096,0.01876147992652847,0.06559958016268695,0.10718971398583048,0.01771188664392548,0.01771188664392548
110,low,bear,99,0.0008088978766430738,0.5512639029322548,0.05116279069767442,0.05156723963599595,0.0,0.040040444893832156,0.0004044489383215369,0.042467138523761376,0.01314459049544995,0.00910010111223458,0.09929221435793732,0.0903943377148635,0.019009100101112234,0.0008088978766430738,0.009908998988877654,0.02062689585439838
110,low,bicycle,40,0.0029455081001472753,0.06829896907216494,0.4896907216494846,0.031111929307805597,0.026693667157584682,0.06829896907216494,0.0014727540500736377,0.005891016200294551,0.09646539027982327,0.023748159057437407,0.13217967599410899,0.03700294550810014,0.0014727540500736377,0.0029455081001472753,0.005891016200294551,0.005891016200294551
110,low,bird,81,0.011439062279339076,0.13896342324530433,0.06227933907640164,0.44513486795650337,0.013133738172574495,0.015958197994633525,0.0,0.09320717412794803,0.014828414065809913,0.0033893517864708373,0.08741703149272702,0.07428329332015252,0.013133738172574495,0.014263522101398108,0.012568846208162688,0.0
110,low,boat,124,0.04114521841794569,0.06328217237308147,0.032113341204250294,0.04067296340023613,0.289728453364817,0.06422668240850059,0.024262101534828807,0.047579693034238486,0.1103896103896104,0.047815820543093274,0.05448642266824085,0.05708382526564345,0.009976387249114522,0.06517119244391971,0.01853600944510035,0.03353010625737899
110,low,bottle,83,0.011272141706924317,0.014199970721709853,0.04743083003952569,0.0011711316059142146,0.03557312252964427,0.5684380032206119,0.0005855658029571073,0.023715415019762844,0.09544722588200849,0.024300980822719954,0.002342263211828429,0.023715415019762844,0.0,0.0688039818474601,0.07173181086224564,0.011272141706924317
110,low,car,66,0.05807200929152149,0.04355400696864111,0.017615176151761516,0.003097173828881146,0.06039488966318235,0.08478513356562137,0.23615950445218736,0.0023228803716608595,0.09930313588850173,0.04510259388308169,0.0313588850174216,0.057297715834301204,0.042779713511420826,0.039876113046844755,0.09639953542392567,0.0818815331010453
110,low,cat,96,0.0007598784194528875,0.22112462006079028,0.02469604863221884,0.09517477203647416,0.0007598784194528875,0.0321048632218845,0.0011398176291793312,0.26424772036474165,0.05262158054711246,0.010828267477203649,0.1920592705167173,0.053381458966565355,0.011588145896656535,0.01937689969604863,0.019756838905775075,0.00037993920972644377
110,low,chair,127,0.008238977058576168,0.038204557135514815,0.023720155123273166,0.008238977058576168,0.03920133318797016,0.1520706465027178,0.0004983880262276699,0.05368573520021182,0.3905181678010186,0.03195913218184933,0.030962356129393995,0.041693273319108506,0.025713707228183842,0.04119488529288084,0.09836933667668635,0.01573037207781083
110,low,clock,59,0.0009696969696969697,0.07733333333333334,0.04775757575757576,0.016242424242424242,0.0009696969696969697,0.06787878787878787,0.0019393939393939393,0.002909090909090909,0.1709090909090909,0.4358787878787878,0.002909090909090909,0.019151515151515152,0.02303030303030303,0.02303030303030303,0.08896969696969698,0.02012121212121212
110,low,dog,107,0.0006846384253316217,0.2645271715875053,0.018656397090286693,0.03123662815575524,0.0013692768506632434,0.08951647411210954,0.00034231921266581085,0.05802310654685494,0.02139495079161318,0.028840393667094566,0.28361146769362433,0.144801026957638,0.04338896020539153,0.0010269576379974327,0.0010269576379974327,0.011553273427471117
110,low,elephant,75,0.0,0.06696722081337465,0.03897811590119282,0.04048088663473279,0.02573494881187189,0.01850286465671081,0.0,0.024983563445101907,0.08021038790269559,0.0,0.06771860618014465,0.606931530008453,0.0007513853667699823,0.0015027707335399645,0.013994552456090917,0.013243167089320934
110,low,keyboard,112,0.033674568965517244,0.017510775862068964,0.0008081896551724138,0.008890086206896552,0.0018857758620689656,0.03879310344827586,0.0010775862068965517,0.009428879310344827,0.09671336206896552,0.05549568965517242,0.0010775862068965517,0.02613146551724138,0.35398706896551724,0.09752155172413793,0.24811422413793105,0.008890086206896552
110,low,knife,63,0.0010659560293137908,0.03277814790139907,0.019053964023984012,0.0,0.017988007994670218,0.0771485676215856,0.0021319120586275817,0.028514323784143904,0.10046635576282478,0.005329780146568954,0.015856095936042636,0.046502331778814125,0.033844103930712854,0.5717521652231845,0.04330446369087275,0.004263824117255163
110,low,oven,144,0.0008048289738430584,0.007054828973843058,0.013707243460764587,0.0,0.007859657947686116,0.09554828973843058,0.0002012072434607646,0.0004024144869215292,0.14957243460764585,0.0562374245472837,0.0076584507042253515,0.026810865191146883,0.04777414486921529,0.02176810865191147,0.543838028169014,0.020762072434607644
110,low,truck,54,0.04373730534867976,0.0032498307379823965,0.002166553825321598,0.001083276912660799,0.10737982396750169,0.05910629654705484,0.0032498307379823965,0.015368991198375084,0.07772511848341232,0.01753554502369668,0.002166553825321598,0.01970209884901828,0.037237643872714964,0.06689234935680433,0.22362897765741369,0.3197698036560596
110,medium,airplane,70,0.7927496580027359,0.0,0.0015634160641000586,0.03722884502638265,0.05511041625952707,0.0,0.003908540160250147,0.0007817080320500293,0.025600938049638464,0.0,0.02638264608168849,0.0,0.0,0.05120187609927693,0.003126832128200117,0.002345124096150088
110,medium,bear,60,0.0,0.8636628471547874,0.0007768498737618954,0.0007768498737618954,0.0015536997475237909,0.0015536997475237909,0.0,0.03408428821130317,0.0,0.0007768498737618954,0.06506117692755875,0.017042144105651583,0.0007768498737618954,0.0,0.0,0.013934744610604002
110,medium,bicycle,62,0.0,0.003108003108003108,0.9054649054649055,0.0,0.001036001036001036,0.0,0.013856513856513857,0.0,0.016964516964516965,0.001036001036001036,0.013856513856513857,0.0,0.014892514892514891,0.0,0.015928515928515928,0.013856513856513857
110,medium,bird,68,0.0,0.015889619446104803,0.05080693365212193,0.8538553496712492,0.014295676429567644,0.0007969715082685793,0.0,0.003187886033074317,0.028591352859135288,0.0,0.002390914524805738,0.015889619446104803,0.012701733413030483,0.0,0.0015939430165371586,0.0
110,medium,boat,92,0.05038627584639855,0.0009088843444671666,0.019881845035219267,0.030049988638945695,0.7280731651897296,0.02124517155192002,0.0036355373778686664,0.0216996137241536,0.0433992274483072,0.020790729379686432,0.0018177686889343332,0.0013633265167007499,0.0013633265167007499,0.0027266530334014998,0.03930924789820495,0.01334923880936151
110,medium,bottle,67,0.0,0.013435035104446562,0.013435035104446562,0.001386842333362226,0.001386842333362226,0.8517812256219122,0.0,0.012741613937765451,0.05304671925110514,0.000693421166681113,0.016208719771171016,0.012741613937765451,0.0034671058334055645,0.014128456271127677,0.004853948166767791,0.000693421166681113
110,medium,car,86,0.003389009924957637,0.0004841442749939482,0.0014524328249818446,0.0009682885499878964,0.04502541757443718,0.02251270878721859,0.6183732752360204,0.010772210118615348,0.012224642943597193,0.03570564028080368,0.01270878721859114,0.0014524328249818446,0.054829339143064634,0.021544420237230695,0.04599370612442508,0.11256354393609296
110,medium,cat,75,0.0,0.07941187732128498,0.0018378833709844164,0.039093310870314354,0.0006126277903281388,0.013439522150323544,0.0,0.7336600681548416,0.002450511161312555,0.0,0.1020025270896351,0.01466477773097982,0.0012252555806562776,0.0,0.011601638779339127,0.0
110,medium,chair,67,0.0023604622571920335,0.0007868207523973445,0.025670027046963362,0.001573641504794689,0.0023604622571920335,0.029604130808950087,0.0,0.013621834275879027,0.7655274157855914,0.026456847799360708,0.040865502827637075,0.003934103761986722,0.0023604622571920335,0.01598229653307106,0.05527415785591345,0.013621834275879027
110,medium,clock,67,0.0,0.0,0.000806573574633261,0.000806573574633261,0.015274487069617383,0.02651610626606846,0.013661339920350858,0.0,0.039370872611786054,0.8094974038413066,0.001613147149266522,0.013661339920350858,0.030548974139234766,0.016081060644250644,0.03216212128850129,0.0
110,medium,dog,92,0.009713701431492841,0.16206543967280163,0.0009088843444671666,0.031867757327880025,0.0009088843444671666,0.022154055896387186,0.0,0.0433992274483072,0.020336287207452855,0.0013633265167007499,0.6537150647580096,0.04067257441490571,0.0013633265167007499,0.0004544421722335833,0.0009088843444671666,0.010168143603726428
110,medium,elephant,70,0.0,0.04491942487696613,0.025571745633503815,0.01703174756344688,0.0007719772266718132,0.0015439544533436265,0.0,0.0015439544533436265,0.013943838656759626,0.0023159316800154396,0.055775354627038504,0.8210942777188073,0.0,0.0007719772266718132,0.013943838656759626,0.0007719772266718132
110,medium,keyboard,105,0.0003461555103630306,0.0013846220414521224,0.008610618320280386,0.009302929341006447,0.0006923110207260612,0.019990480723465015,0.0003461555103630306,0.017567392150923802,0.01034139587209554,0.003115399593267275,0.0,0.0,0.7501622603954826,0.02790878802301934,0.14127471766691188,0.008956773830643418
110,medium,knife,56,0.0018912529550827424,0.0018912529550827424,0.016725768321513002,0.0056737588652482265,0.0,0.01767139479905437,0.0018912529550827424,0.0009456264775413712,0.019562647754137116,0.01578014184397163,0.01578014184397163,0.0028368794326241132,0.03156028368794326,0.8472813238770686,0.01767139479905437,0.0028368794326241132
110,medium,oven,122,0.007794566073937028,0.0002740946311714119,0.0,0.0,0.0002740946311714119,0.04786377496830781,0.007520471442765615,0.008068660705108439,0.04923424812416487,0.07234385171480454,0.0008222838935142357,0.0008222838935142357,0.032274642820433755,0.039521019632027955,0.7167745914276904,0.01641141604138829
110,medium,truck,68,0.02882205513784461,0.000835421888053467,0.000835421888053467,0.0,0.04490392648287385,0.000835421888053467,0.06871345029239766,0.0,0.017752715121136173,0.014411027568922305,0.0,0.0,0.0,0.012740183792815371,0.06182121971595656,0.7483291562238931
110,high,airplane,264,0.9582771584132745,0.000155561317085818,5.185377236193933e-05,0.000155561317085818,0.026140782991962666,0.0,5.185377236193933e-05,0.003830697433238268,5.185377236193933e-05,5.185377236193933e-05,0.00367513611615245,0.0,0.0037269898885143892,0.00010370754472387866,5.185377236193933e-05,0.00367513611615245
110,high,bear,94,0.0,0.9556973241183768,0.0,0.0002835371256423888,0.0,0.0008506113769271664,0.0,0.010792131844763424,0.0002835371256423888,0.009657983342193869,0.011075668970405812,0.001417685628211944,0.009657983342193869,0.0,0.0,0.0002835371256423888
110,high,bicycle,202,0.004759443511220227,8.614377395873714e-05,0.9705819011930912,0.0,0.004845587285178963,8.614377395873714e-05,0.004673299737261489,0.004673299737261489,0.009777318344316666,0.0,0.00017228754791747428,8.614377395873714e-05,8.614377395873714e-05,8.614377395873714e-05,0.0,8.614377395873714e-05
110,high,bird,187,0.0,0.0003086856422590644,0.00020579042817270963,0.9625332801708061,0.0,0.00010289521408635481,0.00010289521408635481,0.010469588033286603,0.0003086856422590644,0.0050290035884705915,0.005543479658902365,0.00010289521408635481,0.0050290035884705915,0.0,0.00020579042817270963,0.010058007176941183
110,high,boat,172,0.0276421346355075,0.0001162655505173817,0.0001162655505173817,0.005667945587722358,0.9421578886176025,0.0005813277525869085,0.005667945587722358,0.005435414486687594,0.0003487966515521451,0.0,0.0002325311010347634,0.0002325311010347634,0.0001162655505173817,0.005435414486687594,0.0002325311010347634,0.006016742239274502
110,high,bottle,114,0.0,0.01585258847616262,0.00816028078385493,0.0,0.00023398654577361802,0.9575606902603101,0.00792629423808131,0.00023398654577361802,0.00046797309154723605,0.0,0.00792629423808131,0.00023398654577361802,0.00046797309154723605,0.0,0.0009359461830944721,0.0
110,high,car,288,0.006766582230978516,0.0,4.690871563936579e-05,0.0,0.014142977765268789,0.0067196735153391505,0.882763392438315,0.0034301998311286235,0.00037526972511492634,0.01367389060887513,0.010056055915189042,4.690871563936579e-05,0.0068134909466178815,0.0034301998311286235,0.010196782062107139,0.04153766769865841
110,high,cat,185,0.0,0.001229374363702722,0.00518002010539324,0.005589811559960814,0.00010244786364189349,0.00010244786364189349,0.0,0.9603590797620648,0.00040979145456757396,0.00010244786364189349,0.01646209108895676,0.00010244786364189349,0.0,0.0,0.00518002010539324,0.00518002010539324
110,high,chair,109,0.00895344506517691,0.00023836126629422718,0.00047672253258845436,0.0,0.00023836126629422718,0.010383612662942273,0.0,0.008476722532588453,0.9099888268156425,0.01671508379888268,0.00047672253258845436,0.0007150837988826816,0.00871508379888268,0.00871508379888268,0.017668528864059587,0.008238361266294228
110,high,clock,195,0.0048336516469783776,0.0,0.00018863030817476597,0.00018863030817476597,0.0048336516469783776,0.00018863030817476597,0.0,0.0,0.0,0.9699606234231686,0.0,0.0,0.005022281955153144,0.0048336516469783776,0.009950248756218905,0.0
110,high,dog,161,0.0,0.0616552624579898,0.006036574062880308,0.011815243759923273,0.005778669697042965,0.018625530920315613,0.0,0.008357713355416393,0.00616552624579898,0.00012895218291867147,0.8622951876657237,0.012717909040353975,0.00012895218291867147,0.00012895218291867147,0.005778669697042965,0.0003868565487560144
110,high,elephant,173,0.0,0.02292768959435626,0.005731922398589065,0.016644620811287477,0.00011022927689594356,0.00011022927689594356,0.0,0.005401234567901234,0.010912698412698412,0.0,0.005621693121693121,0.9325396825396826,0.0,0.0,0.0,0.0
110,high,keyboard,230,0.0,0.008333121832779202,6.768017732206459e-05,0.004200401005050633,6.768017732206459e-05,0.021746486975795877,6.768017732206459e-05,0.00013536035464412917,0.004403441537016827,0.008468482187423331,0.0,0.0,0.9008866103229191,0.00020304053196619373,0.043086892887659364,0.008333121832779202
110,high,knife,208,7.927699381639449e-05,0.0,7.927699381639449e-05,0.004543562708102108,0.004543562708102108,0.0,0.0,0.00015855398763278897,0.00015855398763278897,7.927699381639449e-05,0.0,7.927699381639449e-05,0.00023783098144918344,0.9898822736641827,7.927699381639449e-05,7.927699381639449e-05
110,high,oven,73,0.0,0.0,0.00044943820224719103,0.0008988764044943821,0.0,0.038202247191011236,0.0,0.0,0.013932584269662922,0.06561797752808989,0.0,0.0,0.0017977528089887641,0.02561797752808989,0.8530337078651685,0.00044943820224719103
110,high,truck,178,0.01076057370922476,0.0,0.00011282383967732382,0.00011282383967732382,0.005831582213321675,0.00011282383967732382,0.0383389510203506,0.00538028685461238,0.00022564767935464764,0.0,0.00011282383967732382,0.0,0.00022564767935464764,0.00011282383967732382,0.021746795097804163,0.9169263965475904
125,low,airplane,121,0.28219119835589257,0.10622918290695202,0.031464814683580186,0.039897951952377574,0.09892991283395931,0.07363050102756714,0.015732407341790093,0.0814967046984622,0.051165757210686696,0.033732549075189563,0.04103181914818227,0.02473247820848983,0.0427326199418893,0.02870101339380625,0.024165544610587484,0.024165544610587484
125,low,bear,165,0.011563664396762175,0.35025054606192985,0.07670564049852242,0.06038802518309135,0.0,0.0420146473082359,0.005781832198381087,0.0601310548631633,0.04702556854683285,0.00025697031992804833,0.1680585892329436,0.11820634716690222,0.012077605036618269,0.011563664396762175,0.011820634716690221,0.024155210073236538
125,low,bicycle,102,0.009872444522103792,0.04088764633933251,0.40188712213873845,0.06561244102743316,0.029617333566311375,0.06631137515289184,0.009173510396645115,0.028219465315394026,0.0966276428446619,0.002795736501834702,0.08815306657347545,0.08535733007164074,0.009173510396645115,0.01834702079329023,0.011270312773021143,0.03669404158658046
125,low,bird,134,0.0073972602739726025,0.07652968036529681,0.08027397260273973,0.4411872146118721,0.02849315068493151,0.03031963470319635,0.0,0.06027397260273973,0.02958904109589041,0.008858447488584475,0.06986301369863014,0.09470319634703196,0.02849315068493151,0.029223744292237442,0.014794520547945205,0.0
125,low,boat,273,0.06491463867997369,0.047956761703222855,0.02247705110240499,0.04046441133575453,0.268380565643856,0.0691755554920072,0.03251451285424233,0.033429609082330065,0.07423718150361748,0.04392461894821127,0.0333152220538191,0.07955617832937745,0.03251451285424233,0.05579227315622409,0.04358145786267837,0.057765449398038266
125,low,bottle,89,0.0011042097998619738,0.061007591442374054,0.06376811594202898,0.020151828847481023,0.02401656314699793,0.47881297446514837,0.010075914423740511,0.012836438923395446,0.061421670117322295,0.03243616287094548,0.040303657694962046,0.041407867494824016,0.0,0.055348516218081435,0.08668046928916494,0.010628019323671498
125,low,car,143,0.055106319257262656,0.03504043126684636,0.03424178895877009,0.020465209144454426,0.0437256663671758,0.03743635819107517,0.20984326644704004,0.020065887990416295,0.07008086253369272,0.029549765398822005,0.02875112309074573,0.04841768992712389,0.034641110112808224,0.08974742937007088,0.11889787361485475,0.12398921832884098
125,low,cat,202,0.009564708178801484,0.1503025570954519,0.058559437829396835,0.11770447003708764,0.009564708178801484,0.03943002147179387,0.014347062268202225,0.24585203982041773,0.06373218817099356,0.019324614483700955,0.1353699004489557,0.08247120827640055,0.02888932266250244,0.00536794846769471,0.014737458520398204,0.004782354089400742
125,low,chair,187,0.01565602817426794,0.03183867817920502,0.03641370533314316,0.02058213654865218,0.052245274117634154,0.05786257364477164,0.010203297969214566,0.042744138589311774,0.2947985122933284,0.04714362513302687,0.03658924594336621,0.07370511371740156,0.062448572086848717,0.063501815748187,0.13826017312692682,0.016007109394714034
125,low,clock,96,0.009577922077922078,0.060714285714285714,0.04090909090909091,0.010876623376623377,0.0006493506493506494,0.07224025974025973,0.019155844155844155,0.028733766233766233,0.04301948051948052,0.3454545454545454,0.028733766233766233,0.04853896103896104,0.060064935064935064,0.07792207792207792,0.10422077922077921,0.049188311688311684
125,low,dog,200,0.009649122807017543,0.21081871345029238,0.024512670565302146,0.07334307992202728,0.019298245614035085,0.060233918128654966,0.004824561403508771,0.0608187134502924,0.058479532163742694,0.03494152046783626,0.24483430799220274,0.11023391812865498,0.015448343079922029,0.014473684210526316,0.014473684210526316,0.04361598440545809
125,low,elephant,121,0.0,0.08097822696362843,0.040489113481814214,0.056085844407012295,0.017094017094017096,0.04878657433401959,0.0,0.016594921704410754,0.08247551313244744,0.0,0.08877659242622746,0.5053340819764177,0.007798365462599039,0.015596730925198077,0.023894191777403456,0.01609582631480442
125,low,keyboard,215,0.02298850574712644,0.014031945066427824,0.013434841021047918,0.013584117032392894,0.022689953724436482,0.08210180623973727,0.017913121361397225,0.018211673384087176,0.07523510971786834,0.06538289296909987,0.013584117032392894,0.023137781758471414,0.30870279146141216,0.0800119420809076,0.21540528437080161,0.013584117032392894
125,low,knife,88,0.010425101214574899,0.04412955465587044,0.04331983805668016,0.0,0.02327935222672065,0.077834008097166,0.020850202429149797,0.012044534412955464,0.10516194331983807,0.03289473684210526,0.02165991902834008,0.05455465587044535,0.05455465587044535,0.4439271255060729,0.013663967611336033,0.041700404858299595
125,low,oven,168,0.022438981716385267,0.017004199107689615,0.0227889073571866,0.0,0.039443180824074886,0.06134633890298311,0.005609745429096317,0.011219490858192634,0.1354977692240399,0.07607602134546408,0.02296387017758726,0.023313795818388595,0.041542734668882864,0.04610270317557519,0.4511635027556644,0.02348875863878926
125,low,truck,100,0.08673802908972054,0.010581794410851445,0.018548782480797513,0.009274391240398756,0.047556790325216536,0.061529661709429646,0.027823173721196276,0.0006537015852263442,0.08138584736067986,0.010581794410851445,0.018548782480797513,0.03775126654682138,0.05695375061284524,0.03174538323255434,0.126327831344991,0.37399901944762215
125,medium,airplane,84,0.7917647058823529,0.0,0.02134453781512605,0.0020168067226890756,0.05739495798319328,0.0,0.02336134453781513,0.010672268907563025,0.012016806722689075,0.0,0.0126890756302521,0.0,0.0,0.01403361344537815,0.0226890756302521,0.03201680672268908
125,medium,bear,56,0.0,0.7588663386633867,0.0008200082000820008,0.0008200082000820008,0.029417794177941783,0.01552890528905289,0.0,0.06375563755637556,0.0,0.014708897088970892,0.05478679786797868,0.04576670766707667,0.014708897088970892,0.0,0.0,0.0008200082000820008
125,medium,bicycle,59,0.0,0.029898989898989897,0.875016835016835,0.0,0.014410774410774412,0.0,0.0010774410774410776,0.0,0.030976430976430974,0.0010774410774410776,0.0010774410774410776,0.0,0.015488215488215487,0.0,0.029898989898989897,0.0010774410774410776
125,medium,bird,56,0.0,0.018537889353788934,0.003719200371920037,0.8156090190609019,0.016678289167828916,0.014818688981868897,0.0,0.03149697814969781,0.03335657833565783,0.0,0.016678289167828916,0.046315667131566714,0.0009298000929800093,0.0,0.0018596001859600185,0.0
125,medium,boat,100,0.02104929130526761,0.0008462026655383964,0.00988999365348001,0.01935688597419082,0.643378464142162,0.028400676962132432,0.06372963824836049,0.02882377829490163,0.04040617727945843,0.01935688597419082,0.027554474296594036,0.00988999365348001,0.018510683308652423,0.028400676962132432,0.0021155066638459913,0.03829067061561244
125,medium,bottle,72,0.0,0.0013080444735120995,0.012671680837148463,0.02403531720078483,0.012671680837148463,0.7920209287115761,0.0,0.0006540222367560497,0.01594179202092871,0.012017658600392415,0.03801504251144539,0.0006540222367560497,0.0487246566383257,0.001962066710268149,0.03866906474820144,0.0006540222367560497
125,medium,car,122,0.04598318124888173,0.0003578457684737878,0.015566290928609767,0.007962068348541778,0.01878690284487386,0.023886205045625334,0.6237251744498121,0.007962068348541778,0.016281982465557347,0.033637502236536054,0.0021470746108427268,0.015566290928609767,0.04777241009125067,0.008677759885489354,0.04848810162819824,0.08319914117015566
125,medium,cat,95,0.0,0.08312144897510752,0.028533760241077313,0.04105848008287032,0.009511253413692439,0.029036004645760744,0.0,0.646514109928744,0.020026995636751733,0.0,0.07461468437078193,0.04805851147314562,0.019022506827384877,0.0,0.0005022444046834291,0.0
125,medium,chair,53,0.01733215025140491,0.0009464655427388347,0.0018929310854776695,0.03087843833185448,0.031824903874593316,0.021118012422360246,0.0,0.0018929310854776695,0.6889677610174505,0.01733215025140491,0.020171546879621416,0.04821058858325939,0.031824903874593316,0.01922508133688258,0.05199645075421473,0.016385684708666075
125,medium,clock,74,0.0,0.0,0.0007438400743840074,0.0007438400743840074,0.02519758251975825,0.013342631334263135,0.0014876801487680147,0.0,0.014086471408647142,0.790980939098094,0.023709902370990237,0.0014876801487680147,0.0503951650395165,0.02594142259414226,0.05188284518828452,0.0
125,medium,dog,87,0.00047650247185657276,0.1602239561617726,0.020370480671868484,0.03341473583894217,0.010661742807790817,0.03293823336708559,0.0,0.05521472392638036,0.011614747751503961,0.030555721007802728,0.5689439513967478,0.03293823336708559,0.030555721007802728,0.00047650247185657276,0.010661742807790817,0.0009530049437131455
125,medium,elephant,62,0.0,0.04952654537716778,0.015373975954888817,0.07006064474944143,0.013671667198638153,0.014522821576763486,0.0,0.014522821576763486,0.015373975954888817,0.028194488775401642,0.04867539099904245,0.6873603574848388,0.0,0.0008511543781253325,0.028194488775401642,0.013671667198638153
125,medium,keyboard,107,0.0003405269654790789,0.009492189162729323,0.0003405269654790789,0.017281743498063253,0.008811135231771166,0.011535350955603797,0.0003405269654790789,0.0010215808964372365,0.010173243093687482,0.04371514919337675,0.0,0.0,0.7460945813646618,0.03558506789256374,0.11458732388371004,0.0006810539309581578
125,medium,knife,78,0.02272521502942508,0.012086917157084653,0.012811226799456768,0.025622453598913537,0.0,0.013535536441828882,0.02272521502942508,0.0007243096423721141,0.01498415572657311,0.0014486192847442281,0.012086917157084653,0.012811226799456768,0.013535536441828882,0.8085559076505207,0.024173834314169307,0.002172928927116342
125,medium,oven,80,0.011204688731284477,0.0003940110323089046,0.0,0.0,0.0003940110323089046,0.01672084318360914,0.0003940110323089046,0.01159869976359338,0.09160756501182032,0.06232762017336485,0.01159869976359338,0.01159869976359338,0.035978132387706856,0.04639479905437352,0.6657801418439716,0.03400807722616233
125,medium,truck,62,0.018218623481781375,0.013720197930724246,0.013720197930724246,0.0,0.06117858749437696,0.0008996851102114259,0.03553756185335132,0.0,0.03193882141250562,0.015519568151147098,0.0,0.0,0.0,0.0008996851102114259,0.11785874943769681,0.6905083220872694
125,high,airplane,207,0.90276952625882,0.009163933492305062,0.00454941280834683,0.009163933492305062,0.04179111765806971,0.0,0.00454941280834683,0.00929414924352787,6.510787561140364e-05,0.00454941280834683,0.004614520683958233,0.0,0.004679628559569637,0.00013021575122280728,6.510787561140364e-05,0.004614520683958233
125,high,bear,49,0.0,0.8019493177387915,0.0,0.00047983205877942715,0.0,0.032208726945569054,0.0,0.03364822312190733,0.01586444744339481,0.01634427950217424,0.018743439796071376,0.04855300644774329,0.01634427950217424,0.0,0.0,0.01586444744339481
125,high,bicycle,123,0.007464450974431723,0.00013510318505758774,0.9466680176985172,0.0,0.0004053095551727632,0.00013510318505758774,0.00013510318505758774,0.00013510318505758774,0.015334211504036209,0.0,0.007464450974431723,0.00013510318505758774,0.007329347789374135,0.007329347789374135,0.0,0.007329347789374135
125,high,bird,103,0.0,0.008929942734273867,0.008754415604361849,0.927682822476249,0.0,0.00017552712991201702,0.008578888474449833,0.017859885468547734,0.000526581389736051,0.00017552712991201702,0.02626324681308555,0.00017552712991201702,0.00017552712991201702,0.0,0.00035105425982403404,0.00035105425982403404
125,high,boat,97,0.010590454083853184,0.00019343295130325451,0.00019343295130325451,0.0005802988539097636,0.8772184341602592,0.027515837322887954,0.009429856376033658,0.00019343295130325451,0.0005802988539097636,0.0,0.018085980946854298,0.018085980946854298,0.009042990473427149,0.00019343295130325451,0.00038686590260650903,0.02770927027419121
125,high,bottle,67,0.0,0.0007329699024233818,0.0007329699024233818,0.0,0.01241467772229603,0.9214805992028953,0.0003664849512116909,0.0003664849512116909,0.0007329699024233818,0.0,0.0003664849512116909,0.0003664849512116909,0.02482935544459206,0.0,0.037610518118099776,0.0
125,high,car,206,0.004761445937916526,0.0,0.00456873986285751,0.0,0.03738497856144915,0.004697210579563521,0.8754958166722874,0.00019270607505901622,0.01853190088484206,0.009715597950892068,0.0002569414334120216,6.42353583530054e-05,0.009330185800774037,0.004697210579563521,0.004954152012975542,0.02534887829005476
125,high,cat,123,0.0,0.016166217605066525,0.0074905326703887855,0.02247159801116636,0.00014814403303611937,0.007342388637352667,0.0,0.8707350721739211,0.007786820736461024,0.007342388637352667,0.03819338351712453,0.007342388637352667,0.0,0.0,0.0074905326703887855,0.0074905326703887855
125,high,chair,64,0.01398975791433892,0.01287243947858473,0.01324487895716946,0.0,0.00037243947858472997,0.0537243947858473,0.0,0.0007448789571694599,0.7843575418994414,0.00111731843575419,0.0007448789571694599,0.03861731843575419,0.01361731843575419,0.02611731843575419,0.040107076350093106,0.00037243947858472997
125,high,clock,147,0.000122088941794097,0.0,0.006379147208741568,0.006379147208741568,0.000122088941794097,0.012514116533894941,0.0,0.0,0.0,0.9549797027134268,0.0,0.0,0.012636205475689041,0.000122088941794097,0.006745414034123859,0.0
125,high,dog,88,0.0,0.09531712937561726,0.01988916931855591,0.0008778667837155712,0.0002194666959288928,0.0028530670470756064,0.0,0.06230110830681444,0.010493251399100187,0.009834851311313508,0.7464062328541643,0.03126028750137167,0.009834851311313508,0.0002194666959288928,0.0002194666959288928,0.010273784703171295
125,high,elephant,67,0.0,0.07630522088353413,0.025100401606425706,0.025853413654618476,0.000251004016064257,0.012299196787148593,0.0,0.000251004016064257,0.012801204819277108,0.0,0.012801204819277108,0.8343373493975904,0.0,0.0,0.0,0.0
125,high,keyboard,142,0.0,0.006645240321922048,0.006434489390007772,0.0065398648559649095,0.006434489390007772,0.05284579617750497,0.00010537546595713854,0.012868978780015543,0.01318510517788696,0.0005268773297856926,0.0,0.0,0.8330259882242916,0.006645240321922048,0.04809731424281141,0.006645240321922048
125,high,knife,145,0.0063214785504029335,0.0,0.0063214785504029335,0.00011029842617933146,0.00011029842617933146,0.0,0.0,0.012642957100805867,0.006431776976582265,0.0063214785504029335,0.0,0.00011029842617933146,0.00033089527853799437,0.9548672627377449,0.00011029842617933146,0.0063214785504029335
125,high,oven,43,0.0,0.0,0.017627118644067796,0.0013559322033898306,0.0,0.04067796610169491,0.0,0.0,0.004067796610169492,0.06508474576271187,0.0,0.0,0.05355932203389831,0.07254237288135594,0.744406779661017,0.0006779661016949153
125,high,truck,107,0.00884188048446832,0.0,0.008308031096726835,0.00017794979591382782,0.017327861377108983,0.00017794979591382782,0.044209402422341594,0.00035589959182765564,0.008485980892640663,0.0,0.00017794979591382782,0.0,0.00035589959182765564,0.00017794979591382782,0.018039660560764295,0.8933635847986386
