noise_level,bin_lo,bin_hi,n,mean_pred,obs_freq,forecast
80,0.0,0.01,1562,0.008514773539966752,0.002560819462227913,human confusion row (individual)
80,0.01,0.02,13374,0.013367521614438639,0.001794526693584567,human confusion row (individual)
80,0.02,0.05,7901,0.03315952968596137,0.010251866852297177,human confusion row (individual)
80,0.05,0.1,1368,0.06442776491029416,0.043859649122807015,human confusion row (individual)
80,0.1,0.2,331,0.13693872730399329,0.13293051359516617,human confusion row (individual)
80,0.2,0.3,125,0.2450257768030888,0.672,human confusion row (individual)
80,0.3,0.4,120,0.34159030866716894,0.75,human confusion row (individual)
80,0.4,0.5,98,0.44648975583318734,0.7551020408163265,human confusion row (individual)
80,0.5,0.6,111,0.5405439065891062,0.918918918918919,human confusion row (individual)
80,0.6,0.7,155,0.6782120417364986,0.9612903225806452,human confusion row (individual)
80,0.7,0.8,475,0.7557147486013293,0.9368421052631579,human confusion row (individual)
80,0.8,0.9,492,0.8231759015794845,0.9654471544715447,human confusion row (individual)
95,0.0,0.01,1020,0.009367569324113461,0.0,human confusion row (individual)
95,0.01,0.02,10612,0.013726505412627205,0.001601960045231813,human confusion row (individual)
95,0.02,0.05,10862,0.031025312170046896,0.010311176578898913,human confusion row (individual)
95,0.05,0.1,1474,0.0660338702244365,0.03731343283582089,human confusion row (individual)
95,0.1,0.2,431,0.12886264584239196,0.13921113689095127,human confusion row (individual)
95,0.2,0.3,137,0.23890102053263151,0.5693430656934306,human confusion row (individual)
95,0.3,0.4,101,0.34445589155116274,0.6237623762376238,human confusion row (individual)
95,0.4,0.5,173,0.4375804034770851,0.861271676300578,human confusion row (individual)
95,0.5,0.6,180,0.5455513702569152,0.8722222222222222,human confusion row (individual)
95,0.6,0.7,208,0.6397418117234606,0.8990384615384616,human confusion row (individual)
95,0.7,0.8,445,0.7547247744616322,0.9550561797752809,human confusion row (individual)
95,0.8,0.9,325,0.8232916160287389,0.9846153846153847,human confusion row (individual)
110,0.01,0.02,8197,0.014910737802093186,0.0028059045992436258,human confusion row (individual)
110,0.02,0.05,12795,0.02976545646125924,0.014693239546697929,human confusion row (individual)
110,0.05,0.1,2699,0.06873533831619012,0.0444609114486847,human confusion row (individual)
110,0.1,0.2,868,0.13403801354461928,0.15898617511520738,human confusion row (individual)
110,0.2,0.3,266,0.2502560908769592,0.2894736842105263,human confusion row (individual)
110,0.3,0.4,149,0.3504390514380705,0.6442953020134228,human confusion row (individual)
110,0.4,0.5,235,0.4478413422522782,0.7659574468085106,human confusion row (individual)
110,0.5,0.6,215,0.5477489075824689,0.8604651162790697,human confusion row (individual)
110,0.6,0.7,212,0.656028023886141,0.9292452830188679,human confusion row (individual)
110,0.7,0.8,401,0.7400864893294898,0.9226932668329177,human confusion row (individual)
110,0.8,0.9,59,0.8206966145806173,0.9661016949152542,human confusion row (individual)
125,0.01,0.02,4956,0.016666886061235512,0.011904761904761904,human confusion row (individual)
125,0.02,0.05,13294,0.031574994283174396,0.02038513615164736,human confusion row (individual)
125,0.05,0.1,4964,0.06795466264588768,0.05076551168412571,human confusion row (individual)
125,0.1,0.2,1375,0.13116193209453184,0.104,human confusion row (individual)
125,0.2,0.3,488,0.24200716519544466,0.3422131147540984,human confusion row (individual)
125,0.3,0.4,296,0.3520603520383512,0.6216216216216216,human confusion row (individual)
125,0.4,0.5,319,0.4373606724059179,0.7021943573667712,human confusion row (individual)
125,0.5,0.6,103,0.5459208826711033,0.7087378640776699,human confusion row (individual)
125,0.6,0.7,221,0.6499416394015297,0.8959276018099548,human confusion row (individual)
125,0.7,0.8,64,0.7542495021367224,0.921875,human confusion row (individual)
80,0.0,0.01,3800,0.0012557806600923753,0.0007894736842105263,raw baseline (a)
80,0.01,0.02,78,0.014651206908289614,0.038461538461538464,raw baseline (a)
80,0.02,0.05,75,0.029814259598322075,0.02666666666666667,raw baseline (a)
80,0.05,0.1,31,0.07758721538068018,0.0967741935483871,raw baseline (a)
80,0.1,0.2,35,0.14450528957010197,0.17142857142857143,raw baseline (a)
80,0.2,0.3,15,0.2527173156192521,0.3333333333333333,raw baseline (a)
80,0.3,0.4,17,0.34486035213941196,0.29411764705882354,raw baseline (a)
80,0.4,0.5,10,0.4499263399751913,0.3,raw baseline (a)
80,0.5,0.6,13,0.5429864216224191,0.5384615384615384,raw baseline (a)
80,0.6,0.7,15,0.661964658486476,0.6666666666666666,raw baseline (a)
80,0.7,0.8,5,0.7444706389860147,0.8,raw baseline (a)
80,0.8,0.9,16,0.8608146719755829,0.8125,raw baseline (a)
80,0.9,0.95,14,0.9325422567125504,0.8571428571428571,raw baseline (a)
80,0.95,1.0,196,0.9831344849584661,0.9897959183673469,raw baseline (a)
95,0.0,0.01,3718,0.0013180594375469725,0.0005379236148466917,raw baseline (a)
95,0.01,0.02,104,0.014420069805559722,0.028846153846153848,raw baseline (a)
95,0.02,0.05,108,0.030826642534916425,0.05555555555555555,raw baseline (a)
95,0.05,0.1,42,0.07395707688111948,0.023809523809523808,raw baseline (a)
95,0.1,0.2,40,0.1436509581946132,0.2,raw baseline (a)
95,0.2,0.3,22,0.25791020593278746,0.3181818181818182,raw baseline (a)
95,0.3,0.4,20,0.35144969964104034,0.35,raw baseline (a)
95,0.4,0.5,12,0.4411000329969003,0.25,raw baseline (a)
95,0.5,0.6,16,0.5489654108405766,0.625,raw baseline (a)
95,0.6,0.7,13,0.6522733276954628,0.6153846153846154,raw baseline (a)
95,0.7,0.8,10,0.7506816722759092,0.7,raw baseline (a)
95,0.8,0.9,14,0.8548160061801456,0.8571428571428571,raw baseline (a)
95,0.9,0.95,18,0.9361171455538452,0.8888888888888888,raw baseline (a)
95,0.95,1.0,183,0.9827032055672911,0.9836065573770492,raw baseline (a)
110,0.0,0.01,3584,0.0014901930903234567,0.0005580357142857143,raw baseline (a)
110,0.01,0.02,153,0.014251210282629965,0.013071895424836602,raw baseline (a)
110,0.02,0.05,136,0.03338418241879165,0.029411764705882353,raw baseline (a)
110,0.05,0.1,72,0.07073085503714273,0.1388888888888889,raw baseline (a)
110,0.1,0.2,69,0.14204954133297917,0.15942028985507245,raw baseline (a)
110,0.2,0.3,20,0.24757511839272822,0.45,raw baseline (a)
110,0.3,0.4,22,0.3479102199961845,0.3181818181818182,raw baseline (a)
110,0.4,0.5,20,0.44000600301592846,0.5,raw baseline (a)
110,0.5,0.6,16,0.5576936595523427,0.25,raw baseline (a)
110,0.6,0.7,13,0.6572977608290331,0.5384615384615384,raw baseline (a)
110,0.7,0.8,11,0.7578467556526206,0.9090909090909091,raw baseline (a)
110,0.8,0.9,28,0.8562708155383056,0.7857142857142857,raw baseline (a)
110,0.9,0.95,16,0.9258433369632504,0.8125,raw baseline (a)
110,0.95,1.0,160,0.9815338551066592,0.99375,raw baseline (a)
125,0.0,0.01,3229,0.0017685076154363535,0.0009290802105915144,raw baseline (a)
125,0.01,0.02,242,0.01417457512908055,0.004132231404958678,raw baseline (a)
125,0.02,0.05,283,0.03232139408673162,0.04946996466431095,raw baseline (a)
125,0.05,0.1,129,0.07082036612106316,0.09302325581395349,raw baseline (a)
125,0.1,0.2,106,0.13921338528879895,0.18867924528301888,raw baseline (a)
125,0.2,0.3,54,0.24727963685296003,0.2037037037037037,raw baseline (a)
125,0.3,0.4,35,0.344854279136547,0.42857142857142855,raw baseline (a)
125,0.4,0.5,22,0.4426849440188045,0.4090909090909091,raw baseline (a)
125,0.5,0.6,15,0.5362713660186168,0.4666666666666667,raw baseline (a)
125,0.6,0.7,20,0.6418074672834856,0.5,raw baseline (a)
125,0.7,0.8,16,0.7360964009646,0.625,raw baseline (a)
125,0.8,0.9,32,0.8462567437644495,0.84375,raw baseline (a)
125,0.9,0.95,27,0.9281934727860838,0.8518518518518519,raw baseline (a)
125,0.95,1.0,110,0.9805324580583803,0.9818181818181818,raw baseline (a)
80,0.0,0.01,3797,0.0012969368532304286,0.0007900974453515934,F0: recalibrated (a)
80,0.01,0.02,78,0.014528846064133117,0.038461538461538464,F0: recalibrated (a)
80,0.02,0.05,77,0.02952281040399542,0.025974025974025976,F0: recalibrated (a)
80,0.05,0.1,31,0.07657075807158714,0.0967741935483871,F0: recalibrated (a)
80,0.1,0.2,36,0.1439722362407954,0.16666666666666666,F0: recalibrated (a)
80,0.2,0.3,15,0.25294609547443747,0.3333333333333333,F0: recalibrated (a)
80,0.3,0.4,17,0.3447288433714716,0.29411764705882354,F0: recalibrated (a)
80,0.4,0.5,11,0.4535140719124952,0.36363636363636365,F0: recalibrated (a)
80,0.5,0.6,12,0.545260720711412,0.5,F0: recalibrated (a)
80,0.6,0.7,15,0.6589580499607889,0.6666666666666666,F0: recalibrated (a)
80,0.7,0.8,5,0.7417676953752177,0.8,F0: recalibrated (a)
80,0.8,0.9,16,0.8587267553452675,0.8125,F0: recalibrated (a)
80,0.9,0.95,14,0.9309268823118385,0.8571428571428571,F0: recalibrated (a)
80,0.95,1.0,196,0.982449752531134,0.9897959183673469,F0: recalibrated (a)
95,0.0,0.01,3716,0.001362685156392964,0.0005382131324004305,F0: recalibrated (a)
95,0.01,0.02,102,0.014399393319393142,0.029411764705882353,F0: recalibrated (a)
95,0.02,0.05,111,0.030637374571843616,0.05405405405405406,F0: recalibrated (a)
95,0.05,0.1,43,0.07395584017143204,0.023255813953488372,F0: recalibrated (a)
95,0.1,0.2,40,0.14426260265813795,0.2,F0: recalibrated (a)
95,0.2,0.3,22,0.2581414054470066,0.3181818181818182,F0: recalibrated (a)
95,0.3,0.4,20,0.3511157680045697,0.35,F0: recalibrated (a)
95,0.4,0.5,12,0.43985136616222126,0.25,F0: recalibrated (a)
95,0.5,0.6,16,0.5465874605342611,0.625,F0: recalibrated (a)
95,0.6,0.7,13,0.6497192372584617,0.6153846153846154,F0: recalibrated (a)
95,0.7,0.8,10,0.7481840908329265,0.7,F0: recalibrated (a)
95,0.8,0.9,14,0.851883828318101,0.8571428571428571,F0: recalibrated (a)
95,0.9,0.95,19,0.9359880688332813,0.8947368421052632,F0: recalibrated (a)
95,0.95,1.0,182,0.9821581873060359,0.9835164835164835,F0: recalibrated (a)
110,0.0,0.01,3577,0.0015264509487035315,0.0005591277606933184,F0: recalibrated (a)
110,0.01,0.02,159,0.014280929624742148,0.012578616352201259,F0: recalibrated (a)
110,0.02,0.05,137,0.033618809153544565,0.029197080291970802,F0: recalibrated (a)
110,0.05,0.1,72,0.0712901508263118,0.1388888888888889,F0: recalibrated (a)
110,0.1,0.2,68,0.14167137530470472,0.16176470588235295,F0: recalibrated (a)
110,0.2,0.3,21,0.24504626118091916,0.42857142857142855,F0: recalibrated (a)
110,0.3,0.4,22,0.34749372516430266,0.3181818181818182,F0: recalibrated (a)
110,0.4,0.5,20,0.4380685766553465,0.5,F0: recalibrated (a)
110,0.5,0.6,16,0.555338580442347,0.25,F0: recalibrated (a)
110,0.6,0.7,13,0.6554412695484936,0.5384615384615384,F0: recalibrated (a)
110,0.7,0.8,11,0.7548066801628476,0.9090909090909091,F0: recalibrated (a)
110,0.8,0.9,28,0.8544457238774097,0.7857142857142857,F0: recalibrated (a)
110,0.9,0.95,18,0.9271039057722076,0.8333333333333334,F0: recalibrated (a)
110,0.95,1.0,158,0.9811602094614943,0.9936708860759493,F0: recalibrated (a)
125,0.0,0.01,3222,0.00180719178041194,0.000931098696461825,F0: recalibrated (a)
125,0.01,0.02,245,0.014209318572351245,0.004081632653061225,F0: recalibrated (a)
125,0.02,0.05,284,0.03234837979775787,0.04929577464788732,F0: recalibrated (a)
125,0.05,0.1,131,0.07051307293682015,0.0916030534351145,F0: recalibrated (a)
125,0.1,0.2,107,0.13912238590570297,0.18691588785046728,F0: recalibrated (a)
125,0.2,0.3,55,0.24783764269432235,0.2,F0: recalibrated (a)
125,0.3,0.4,34,0.34492838224136585,0.4411764705882353,F0: recalibrated (a)
125,0.4,0.5,22,0.44106668519604464,0.4090909090909091,F0: recalibrated (a)
125,0.5,0.6,16,0.537492105929589,0.5,F0: recalibrated (a)
125,0.6,0.7,20,0.6440509544148588,0.5,F0: recalibrated (a)
125,0.7,0.8,16,0.7413401488828062,0.5625,F0: recalibrated (a)
125,0.8,0.9,31,0.8451840326305993,0.8709677419354839,F0: recalibrated (a)
125,0.9,0.95,29,0.9274851537205623,0.8620689655172413,F0: recalibrated (a)
125,0.95,1.0,108,0.9804026413948357,0.9814814814814815,F0: recalibrated (a)
80,0.0,0.01,23578,0.0011875811106122182,0.000254474510136568,"F(a, h) individual"
80,0.01,0.02,290,0.014201721643807123,0.013793103448275862,"F(a, h) individual"
80,0.02,0.05,241,0.03100666931541523,0.04149377593360996,"F(a, h) individual"
80,0.05,0.1,138,0.07386651411368639,0.06521739130434782,"F(a, h) individual"
80,0.1,0.2,120,0.1517279605917567,0.175,"F(a, h) individual"
80,0.2,0.3,74,0.24701938072538293,0.28378378378378377,"F(a, h) individual"
80,0.3,0.4,36,0.34053767002892665,0.3888888888888889,"F(a, h) individual"
80,0.4,0.5,39,0.4596486896466462,0.41025641025641024,"F(a, h) individual"
80,0.5,0.6,40,0.5416585653990291,0.525,"F(a, h) individual"
80,0.6,0.7,25,0.6556047240843487,0.6,"F(a, h) individual"
80,0.7,0.8,51,0.7388589800345919,0.8431372549019608,"F(a, h) individual"
80,0.8,0.9,88,0.8525485211029291,0.8181818181818182,"F(a, h) individual"
80,0.9,0.95,81,0.9277186152205035,0.9135802469135802,"F(a, h) individual"
80,0.95,1.0,1311,0.9837027736024981,0.996186117467582,"F(a, h) individual"
95,0.0,0.01,23149,0.0012643060411447762,0.0002591904617910061,"F(a, h) individual"
95,0.01,0.02,397,0.014426443529959148,0.012594458438287154,"F(a, h) individual"
95,0.02,0.05,342,0.03276372939727479,0.011695906432748537,"F(a, h) individual"
95,0.05,0.1,170,0.07275243064152262,0.11764705882352941,"F(a, h) individual"
95,0.1,0.2,144,0.14244462712126582,0.2013888888888889,"F(a, h) individual"
95,0.2,0.3,85,0.2443861923514351,0.35294117647058826,"F(a, h) individual"
95,0.3,0.4,66,0.3498776551751546,0.2727272727272727,"F(a, h) individual"
95,0.4,0.5,53,0.4453434539528442,0.5283018867924528,"F(a, h) individual"
95,0.5,0.6,37,0.5468623503833853,0.5675675675675675,"F(a, h) individual"
95,0.6,0.7,44,0.6548537703999723,0.6590909090909091,"F(a, h) individual"
95,0.7,0.8,60,0.7513158803818758,0.6333333333333333,"F(a, h) individual"
95,0.8,0.9,75,0.859942520730559,0.7866666666666666,"F(a, h) individual"
95,0.9,0.95,101,0.9298667342850243,0.9306930693069307,"F(a, h) individual"
95,0.95,1.0,1245,0.983063081807669,0.9975903614457832,"F(a, h) individual"
110,0.0,0.01,22335,0.0014301932258869773,0.00022386389075442132,"F(a, h) individual"
110,0.01,0.02,662,0.014064764178408792,0.010574018126888218,"F(a, h) individual"
110,0.02,0.05,638,0.03149311386320643,0.04075235109717868,"F(a, h) individual"
110,0.05,0.1,356,0.07000744863172628,0.08426966292134831,"F(a, h) individual"
110,0.1,0.2,250,0.14134546911044957,0.22,"F(a, h) individual"
110,0.2,0.3,137,0.245688191475,0.2116788321167883,"F(a, h) individual"
110,0.3,0.4,105,0.3513390685001431,0.3904761904761905,"F(a, h) individual"
110,0.4,0.5,95,0.44992462914730935,0.35789473684210527,"F(a, h) individual"
110,0.5,0.6,63,0.5412329428759383,0.5079365079365079,"F(a, h) individual"
110,0.6,0.7,79,0.6460431042000727,0.620253164556962,"F(a, h) individual"
110,0.7,0.8,78,0.7516212818526994,0.6794871794871795,"F(a, h) individual"
110,0.8,0.9,112,0.8488100414377862,0.8928571428571429,"F(a, h) individual"
110,0.9,0.95,135,0.9250163848816041,0.9259259259259259,"F(a, h) individual"
110,0.95,1.0,1051,0.9822986996834838,0.994291151284491,"F(a, h) individual"
125,0.0,0.01,20155,0.0017579976403324395,0.0007442322004465393,"F(a, h) individual"
125,0.01,0.02,1309,0.01425480111043471,0.01757066462948816,"F(a, h) individual"
125,0.02,0.05,1367,0.031565542698459584,0.03950256035113387,"F(a, h) individual"
125,0.05,0.1,739,0.07038555440715928,0.08930987821380243,"F(a, h) individual"
125,0.1,0.2,547,0.1423964376005969,0.19926873857404023,"F(a, h) individual"
125,0.2,0.3,280,0.2464613828514937,0.21071428571428572,"F(a, h) individual"
125,0.3,0.4,184,0.35231592686524277,0.33695652173913043,"F(a, h) individual"
125,0.4,0.5,124,0.4459253646637823,0.4112903225806452,"F(a, h) individual"
125,0.5,0.6,119,0.5544363248377949,0.6218487394957983,"F(a, h) individual"
125,0.6,0.7,99,0.6474538301128244,0.5656565656565656,"F(a, h) individual"
125,0.7,0.8,112,0.7580125414502581,0.7142857142857143,"F(a, h) individual"
125,0.8,0.9,156,0.852425629704611,0.7371794871794872,"F(a, h) individual"
125,0.9,0.95,97,0.9266933361551944,0.865979381443299,"F(a, h) individual"
125,0.95,1.0,792,0.9796479528814747,0.9873737373737373,"F(a, h) individual"
80,0.0,0.01,3972,0.001115990036337008,0.0,"F(a, h) pooled"
80,0.01,0.02,30,0.014116571589421282,0.0,"F(a, h) pooled"
80,0.02,0.05,20,0.03191418411186569,0.1,"F(a, h) pooled"
80,0.05,0.1,11,0.07185285494446109,0.09090909090909091,"F(a, h) pooled"
80,0.1,0.2,7,0.1512251448466968,0.14285714285714285,"F(a, h) pooled"
80,0.2,0.3,4,0.24820395801274925,0.25,"F(a, h) pooled"
80,0.3,0.4,4,0.33732091223200683,0.25,"F(a, h) pooled"
80,0.4,0.5,4,0.4364576431332857,0.5,"F(a, h) pooled"
80,0.5,0.6,4,0.5560413639459885,0.75,"F(a, h) pooled"
80,0.6,0.7,3,0.6306785643880822,0.6666666666666666,"F(a, h) pooled"
80,0.7,0.8,2,0.7178084012414738,0.5,"F(a, h) pooled"
80,0.8,0.9,9,0.8636758003132727,0.7777777777777778,"F(a, h) pooled"
80,0.9,0.95,10,0.9252573808414327,0.9,"F(a, h) pooled"
80,0.95,1.0,240,0.9832964387969017,1.0,"F(a, h) pooled"
95,0.0,0.01,3930,0.0011598691494250927,0.0,"F(a, h) pooled"
95,0.01,0.02,51,0.014161507785254523,0.0,"F(a, h) pooled"
95,0.02,0.05,27,0.03190091235094797,0.0,"F(a, h) pooled"
95,0.05,0.1,13,0.06282793155801034,0.23076923076923078,"F(a, h) pooled"
95,0.1,0.2,13,0.14075372130664981,0.15384615384615385,"F(a, h) pooled"
95,0.2,0.3,9,0.249076271459299,0.2222222222222222,"F(a, h) pooled"
95,0.3,0.4,7,0.3330415906687489,0.2857142857142857,"F(a, h) pooled"
95,0.4,0.5,3,0.4435132910739083,0.0,"F(a, h) pooled"
95,0.5,0.6,4,0.5196431581018458,1.0,"F(a, h) pooled"
95,0.6,0.7,7,0.6633527206717849,0.8571428571428571,"F(a, h) pooled"
95,0.7,0.8,6,0.7569893473719985,0.6666666666666666,"F(a, h) pooled"
95,0.8,0.9,6,0.8487893690501371,0.6666666666666666,"F(a, h) pooled"
95,0.9,0.95,16,0.9267189335872028,0.9375,"F(a, h) pooled"
95,0.95,1.0,228,0.9829993721970203,1.0,"F(a, h) pooled"
110,0.0,0.01,3834,0.0012590533373521414,0.0002608242044861763,"F(a, h) pooled"
110,0.01,0.02,75,0.014516840999678982,0.013333333333333334,"F(a, h) pooled"
110,0.02,0.05,48,0.031873301217249836,0.020833333333333332,"F(a, h) pooled"
110,0.05,0.1,40,0.07035227094344054,0.025,"F(a, h) pooled"
110,0.1,0.2,28,0.14031290944855057,0.21428571428571427,"F(a, h) pooled"
110,0.2,0.3,15,0.25176623263083214,0.26666666666666666,"F(a, h) pooled"
110,0.3,0.4,9,0.35802504192592305,0.1111111111111111,"F(a, h) pooled"
110,0.4,0.5,9,0.4440550521042676,0.6666666666666666,"F(a, h) pooled"
110,0.5,0.6,11,0.5297811864419392,0.45454545454545453,"F(a, h) pooled"
110,0.6,0.7,7,0.641779823714654,0.8571428571428571,"F(a, h) pooled"
110,0.7,0.8,8,0.7442781298872172,0.75,"F(a, h) pooled"
110,0.8,0.9,22,0.8587207085072154,0.8181818181818182,"F(a, h) pooled"
110,0.9,0.95,11,0.9272987551527305,1.0,"F(a, h) pooled"
110,0.95,1.0,203,0.9825104560756469,1.0,"F(a, h) pooled"
125,0.0,0.01,3538,0.0014680359203542031,0.0011305822498586771,"F(a, h) pooled"
125,0.01,0.02,140,0.01426900042008921,0.014285714285714285,"F(a, h) pooled"
125,0.02,0.05,157,0.032918558962753655,0.03821656050955414,"F(a, h) pooled"
125,0.05,0.1,99,0.0735368475294347,0.08080808080808081,"F(a, h) pooled"
125,0.1,0.2,80,0.1386097140584409,0.2,"F(a, h) pooled"
125,0.2,0.3,23,0.24427537896667897,0.30434782608695654,"F(a, h) pooled"
125,0.3,0.4,30,0.3515059495763318,0.26666666666666666,"F(a, h) pooled"
125,0.4,0.5,16,0.44980309789695094,0.3125,"F(a, h) pooled"
125,0.5,0.6,10,0.5654446517341072,0.7,"F(a, h) pooled"
125,0.6,0.7,10,0.6446407825009446,0.6,"F(a, h) pooled"
125,0.7,0.8,20,0.7374181205779328,0.65,"F(a, h) pooled"
125,0.8,0.9,28,0.8541382418518972,0.8214285714285714,"F(a, h) pooled"
125,0.9,0.95,14,0.9298955876735364,0.8571428571428571,"F(a, h) pooled"
125,0.95,1.0,155,0.9814664680301041,0.9870967741935484,"F(a, h) pooled"
80,0.0,0.01,3826,0.001426297493780896,0.0007841087297438578,"F(a, r_a)"
80,0.01,0.02,88,0.013957965017286921,0.022727272727272728,"F(a, r_a)"
80,0.02,0.05,62,0.0326689692594844,0.03225806451612903,"F(a, r_a)"
80,0.05,0.1,24,0.07207512714523863,0.16666666666666666,"F(a, r_a)"
80,0.1,0.2,27,0.14469647280739018,0.18518518518518517,"F(a, r_a)"
80,0.2,0.3,13,0.24181877824723885,0.38461538461538464,"F(a, r_a)"
80,0.3,0.4,11,0.35419809890448045,0.45454545454545453,"F(a, r_a)"
80,0.4,0.5,5,0.44653153393813527,0.2,"F(a, r_a)"
80,0.5,0.6,11,0.5520430198293634,0.5454545454545454,"F(a, r_a)"
80,0.6,0.7,6,0.6495284313440787,0.5,"F(a, r_a)"
80,0.7,0.8,15,0.7490541844675119,0.5333333333333333,"F(a, r_a)"
80,0.8,0.9,15,0.8590829429410871,0.9333333333333333,"F(a, r_a)"
80,0.9,0.95,13,0.9283112157311894,0.8461538461538461,"F(a, r_a)"
80,0.95,1.0,204,0.9814724194079597,0.9852941176470589,"F(a, r_a)"
95,0.0,0.01,3750,0.001509918277226543,0.0008,"F(a, r_a)"
95,0.01,0.02,122,0.013703872545124588,0.00819672131147541,"F(a, r_a)"
95,0.02,0.05,77,0.03297188363989583,0.06493506493506493,"F(a, r_a)"
95,0.05,0.1,41,0.06780941973603746,0.12195121951219512,"F(a, r_a)"
95,0.1,0.2,32,0.1374551218441649,0.125,"F(a, r_a)"
95,0.2,0.3,20,0.2486130628764276,0.3,"F(a, r_a)"
95,0.3,0.4,12,0.35144360564097377,0.5,"F(a, r_a)"
95,0.4,0.5,6,0.45765212336959454,0.3333333333333333,"F(a, r_a)"
95,0.5,0.6,9,0.5417145722725865,0.4444444444444444,"F(a, r_a)"
95,0.6,0.7,7,0.6594924749831704,0.7142857142857143,"F(a, r_a)"
95,0.7,0.8,20,0.7427614642748597,0.75,"F(a, r_a)"
95,0.8,0.9,17,0.8428902041551414,0.7058823529411765,"F(a, r_a)"
95,0.9,0.95,12,0.925182262403918,0.8333333333333334,"F(a, r_a)"
95,0.95,1.0,195,0.9806893498239877,0.9846153846153847,"F(a, r_a)"
110,0.0,0.01,3635,0.0017056062082715228,0.0008253094910591472,"F(a, r_a)"
110,0.01,0.02,140,0.014306492490813283,0.007142857142857143,"F(a, r_a)"
110,0.02,0.05,132,0.030931335222214508,0.05303030303030303,"F(a, r_a)"
110,0.05,0.1,59,0.06747589255123763,0.0847457627118644,"F(a, r_a)"
110,0.1,0.2,53,0.14742867490231307,0.22641509433962265,"F(a, r_a)"
110,0.2,0.3,19,0.2404568431268311,0.15789473684210525,"F(a, r_a)"
110,0.3,0.4,19,0.3389457072686762,0.2631578947368421,"F(a, r_a)"
110,0.4,0.5,13,0.45976812355087193,0.6923076923076923,"F(a, r_a)"
110,0.5,0.6,13,0.5615869183637868,0.5384615384615384,"F(a, r_a)"
110,0.6,0.7,13,0.6412427921581814,0.6153846153846154,"F(a, r_a)"
110,0.7,0.8,11,0.7478226117667439,0.9090909090909091,"F(a, r_a)"
110,0.8,0.9,18,0.8549608956100581,0.6666666666666666,"F(a, r_a)"
110,0.9,0.95,28,0.9297441309319087,0.8571428571428571,"F(a, r_a)"
110,0.95,1.0,167,0.9799334011231797,0.9820359281437125,"F(a, r_a)"
125,0.0,0.01,3306,0.0020352596972159688,0.0009074410163339383,"F(a, r_a)"
125,0.01,0.02,274,0.01406624233232727,0.025547445255474453,"F(a, r_a)"
125,0.02,0.05,225,0.03131511597628539,0.035555555555555556,"F(a, r_a)"
125,0.05,0.1,119,0.06963581276142727,0.13445378151260504,"F(a, r_a)"
125,0.1,0.2,75,0.137097526691257,0.14666666666666667,"F(a, r_a)"
125,0.2,0.3,35,0.24954575121225275,0.2857142857142857,"F(a, r_a)"
125,0.3,0.4,32,0.3412411188351906,0.34375,"F(a, r_a)"
125,0.4,0.5,19,0.44379442750958037,0.42105263157894735,"F(a, r_a)"
125,0.5,0.6,21,0.546496398899812,0.5238095238095238,"F(a, r_a)"
125,0.6,0.7,18,0.6457907327819955,0.5,"F(a, r_a)"
125,0.7,0.8,18,0.7396860069560759,0.7222222222222222,"F(a, r_a)"
125,0.8,0.9,28,0.8566501863407078,0.7142857142857143,"F(a, r_a)"
125,0.9,0.95,27,0.9259406566447432,0.9259259259259259,"F(a, r_a)"
125,0.95,1.0,123,0.9781697875598521,0.959349593495935,"F(a, r_a)"
80,0.0,0.01,3992,0.0011054838799481573,0.0,"F(a, r_a, h) pooled"
80,0.01,0.02,16,0.014608468417143286,0.0625,"F(a, r_a, h) pooled"
80,0.02,0.05,15,0.0332501341660503,0.06666666666666667,"F(a, r_a, h) pooled"
80,0.05,0.1,12,0.06361310599782904,0.0,"F(a, r_a, h) pooled"
80,0.1,0.2,5,0.13916485761535696,0.2,"F(a, r_a, h) pooled"
80,0.2,0.3,5,0.24152937999354956,0.2,"F(a, r_a, h) pooled"
80,0.3,0.4,3,0.35377214067802426,0.3333333333333333,"F(a, r_a, h) pooled"
80,0.4,0.5,3,0.44411363400548315,0.3333333333333333,"F(a, r_a, h) pooled"
80,0.5,0.6,4,0.5423958925407205,0.75,"F(a, r_a, h) pooled"
80,0.6,0.7,1,0.6516110199582844,1.0,"F(a, r_a, h) pooled"
80,0.7,0.8,5,0.7549346457709569,0.8,"F(a, r_a, h) pooled"
80,0.8,0.9,6,0.8482391256491856,0.8333333333333334,"F(a, r_a, h) pooled"
80,0.9,0.95,14,0.9268501463720893,0.8571428571428571,"F(a, r_a, h) pooled"
80,0.95,1.0,239,0.9838189558072493,1.0,"F(a, r_a, h) pooled"
95,0.0,0.01,3954,0.0011673803834828926,0.0,"F(a, r_a, h) pooled"
95,0.01,0.02,35,0.01446390596171016,0.0,"F(a, r_a, h) pooled"
95,0.02,0.05,24,0.03181699247629793,0.041666666666666664,"F(a, r_a, h) pooled"
95,0.05,0.1,7,0.06317499447068946,0.0,"F(a, r_a, h) pooled"
95,0.1,0.2,16,0.14492055495380668,0.125,"F(a, r_a, h) pooled"
95,0.2,0.3,6,0.25232322304473637,0.3333333333333333,"F(a, r_a, h) pooled"
95,0.3,0.4,7,0.3555097422917378,0.42857142857142855,"F(a, r_a, h) pooled"
95,0.4,0.5,5,0.46286704821461394,0.6,"F(a, r_a, h) pooled"
95,0.5,0.6,5,0.5331910321279134,0.4,"F(a, r_a, h) pooled"
95,0.6,0.7,2,0.6548438939649011,1.0,"F(a, r_a, h) pooled"
95,0.7,0.8,7,0.7619385730428097,0.7142857142857143,"F(a, r_a, h) pooled"
95,0.8,0.9,9,0.8218904190235529,0.8888888888888888,"F(a, r_a, h) pooled"
95,0.9,0.95,14,0.9351604802917911,1.0,"F(a, r_a, h) pooled"
95,0.95,1.0,229,0.9835723291026733,0.9956331877729258,"F(a, r_a, h) pooled"
110,0.0,0.01,3855,0.0012681890386576848,0.0005188067444876783,"F(a, r_a, h) pooled"
110,0.01,0.02,56,0.01431523441335705,0.0,"F(a, r_a, h) pooled"
110,0.02,0.05,60,0.0317265333593212,0.016666666666666666,"F(a, r_a, h) pooled"
110,0.05,0.1,35,0.07165340436655791,0.02857142857142857,"F(a, r_a, h) pooled"
110,0.1,0.2,20,0.1460690399211398,0.15,"F(a, r_a, h) pooled"
110,0.2,0.3,13,0.24570580423977167,0.07692307692307693,"F(a, r_a, h) pooled"
110,0.3,0.4,11,0.3606673802964396,0.6363636363636364,"F(a, r_a, h) pooled"
110,0.4,0.5,6,0.4466439664359096,0.8333333333333334,"F(a, r_a, h) pooled"
110,0.5,0.6,8,0.5382319137960037,0.375,"F(a, r_a, h) pooled"
110,0.6,0.7,8,0.6466185211286647,0.5,"F(a, r_a, h) pooled"
110,0.7,0.8,13,0.7402114011782284,0.8461538461538461,"F(a, r_a, h) pooled"
110,0.8,0.9,16,0.8580668081649868,0.9375,"F(a, r_a, h) pooled"
110,0.9,0.95,17,0.9250324178673446,0.8823529411764706,"F(a, r_a, h) pooled"
110,0.95,1.0,202,0.9830647723263504,1.0,"F(a, r_a, h) pooled"
125,0.0,0.01,3556,0.0014597936428927345,0.000843644544431946,"F(a, r_a, h) pooled"
125,0.01,0.02,137,0.013873157176045953,0.014598540145985401,"F(a, r_a, h) pooled"
125,0.02,0.05,159,0.031513485939791044,0.050314465408805034,"F(a, r_a, h) pooled"
125,0.05,0.1,93,0.07169286151450616,0.07526881720430108,"F(a, r_a, h) pooled"
125,0.1,0.2,64,0.13687076524049258,0.140625,"F(a, r_a, h) pooled"
125,0.2,0.3,32,0.24769823290707693,0.5,"F(a, r_a, h) pooled"
125,0.3,0.4,16,0.3421591127752643,0.1875,"F(a, r_a, h) pooled"
125,0.4,0.5,20,0.4552602655967374,0.45,"F(a, r_a, h) pooled"
125,0.5,0.6,18,0.5448398702217235,0.3888888888888889,"F(a, r_a, h) pooled"
125,0.6,0.7,8,0.6641474780121451,0.625,"F(a, r_a, h) pooled"
125,0.7,0.8,20,0.7475079642988511,0.75,"F(a, r_a, h) pooled"
125,0.8,0.9,23,0.862871656861607,0.7391304347826086,"F(a, r_a, h) pooled"
125,0.9,0.95,16,0.9313100514932442,0.8125,"F(a, r_a, h) pooled"
125,0.95,1.0,158,0.981942921752837,0.9873417721518988,"F(a, r_a, h) pooled"
