noise_level,confidence,human_label,n_all_pilot,n_train_min_over_folds,P_true_airplane,P_true_bear,P_true_bicycle,P_true_bird,P_true_boat,P_true_bottle,P_true_car,P_true_cat,P_true_chair,P_true_clock,P_true_dog,P_true_elephant,P_true_keyboard,P_true_knife,P_true_oven,P_true_truck
80,low,airplane,3,2,0.10526315789473684,0.05263157894736842,0.05263157894736842,0.05263157894736842,0.05263157894736842,0.05263157894736842,0.05263157894736842,0.10526315789473684,0.05263157894736842,0.05263157894736842,0.10526315789473684,0.05263157894736842,0.05263157894736842,0.05263157894736842,0.05263157894736842,0.05263157894736842
80,low,bear,9,6,0.04,0.32,0.04,0.08,0.04,0.04,0.04,0.04,0.04,0.04,0.08,0.04,0.04,0.04,0.04,0.04
80,low,bicycle,8,2,0.08333333333333333,0.16666666666666666,0.20833333333333334,0.041666666666666664,0.041666666666666664,0.041666666666666664,0.041666666666666664,0.041666666666666664,0.041666666666666664,0.041666666666666664,0.041666666666666664,0.041666666666666664,0.041666666666666664,0.041666666666666664,0.041666666666666664,0.041666666666666664
80,low,bird,11,7,0.037037037037037035,0.037037037037037035,0.037037037037037035,0.3333333333333333,0.037037037037037035,0.037037037037037035,0.037037037037037035,0.037037037037037035,0.037037037037037035,0.037037037037037035,0.14814814814814814,0.037037037037037035,0.037037037037037035,0.037037037037037035,0.037037037037037035,0.037037037037037035
80,low,boat,5,3,0.047619047619047616,0.047619047619047616,0.047619047619047616,0.047619047619047616,0.19047619047619047,0.047619047619047616,0.047619047619047616,0.047619047619047616,0.09523809523809523,0.047619047619047616,0.09523809523809523,0.047619047619047616,0.047619047619047616,0.047619047619047616,0.047619047619047616,0.047619047619047616
80,low,bottle,11,6,0.07407407407407407,0.037037037037037035,0.037037037037037035,0.037037037037037035,0.037037037037037035,0.3333333333333333,0.037037037037037035,0.037037037037037035,0.037037037037037035,0.037037037037037035,0.037037037037037035,0.037037037037037035,0.037037037037037035,0.1111111111111111,0.037037037037037035,0.037037037037037035
80,low,car,1,0,0.058823529411764705,0.058823529411764705,0.058823529411764705,0.058823529411764705,0.058823529411764705,0.058823529411764705,0.058823529411764705,0.058823529411764705,0.058823529411764705,0.058823529411764705,0.058823529411764705,0.058823529411764705,0.058823529411764705,0.11764705882352941,0.058823529411764705,0.058823529411764705
80,low,cat,9,5,0.04,0.12,0.04,0.04,0.04,0.04,0.04,0.2,0.08,0.04,0.08,0.04,0.04,0.08,0.04,0.04
80,low,chair,17,12,0.030303030303030304,0.030303030303030304,0.030303030303030304,0.030303030303030304,0.030303030303030304,0.030303030303030304,0.030303030303030304,0.030303030303030304,0.2727272727272727,0.030303030303030304,0.030303030303030304,0.030303030303030304,0.030303030303030304,0.12121212121212122,0.21212121212121213,0.030303030303030304
80,low,clock,10,6,0.038461538461538464,0.038461538461538464,0.038461538461538464,0.038461538461538464,0.07692307692307693,0.038461538461538464,0.038461538461538464,0.038461538461538464,0.19230769230769232,0.11538461538461539,0.038461538461538464,0.038461538461538464,0.07692307692307693,0.038461538461538464,0.11538461538461539,0.038461538461538464
80,low,dog,6,3,0.045454545454545456,0.045454545454545456,0.045454545454545456,0.045454545454545456,0.045454545454545456,0.045454545454545456,0.045454545454545456,0.09090909090909091,0.045454545454545456,0.045454545454545456,0.22727272727272727,0.09090909090909091,0.045454545454545456,0.045454545454545456,0.045454545454545456,0.045454545454545456
80,low,elephant,4,2,0.05,0.05,0.05,0.05,0.05,0.05,0.05,0.05,0.05,0.05,0.05,0.25,0.05,0.05,0.05,0.05
80,low,keyboard,25,14,0.024390243902439025,0.04878048780487805,0.024390243902439025,0.024390243902439025,0.024390243902439025,0.04878048780487805,0.024390243902439025,0.024390243902439025,0.07317073170731707,0.0975609756097561,0.024390243902439025,0.024390243902439025,0.2682926829268293,0.0975609756097561,0.14634146341463414,0.024390243902439025
80,low,knife,6,3,0.045454545454545456,0.09090909090909091,0.045454545454545456,0.045454545454545456,0.045454545454545456,0.09090909090909091,0.045454545454545456,0.045454545454545456,0.13636363636363635,0.045454545454545456,0.045454545454545456,0.045454545454545456,0.045454545454545456,0.13636363636363635,0.045454545454545456,0.045454545454545456
80,low,oven,21,16,0.02702702702702703,0.02702702702702703,0.02702702702702703,0.02702702702702703,0.02702702702702703,0.13513513513513514,0.02702702702702703,0.02702702702702703,0.02702702702702703,0.05405405405405406,0.02702702702702703,0.02702702702702703,0.02702702702702703,0.05405405405405406,0.43243243243243246,0.02702702702702703
80,low,truck,7,4,0.08695652173913043,0.043478260869565216,0.043478260869565216,0.043478260869565216,0.043478260869565216,0.08695652173913043,0.043478260869565216,0.043478260869565216,0.043478260869565216,0.043478260869565216,0.043478260869565216,0.043478260869565216,0.043478260869565216,0.043478260869565216,0.13043478260869565,0.17391304347826086
80,medium,airplane,8,4,0.2916666666666667,0.041666666666666664,0.041666666666666664,0.041666666666666664,0.08333333333333333,0.041666666666666664,0.08333333333333333,0.041666666666666664,0.041666666666666664,0.041666666666666664,0.041666666666666664,0.041666666666666664,0.041666666666666664,0.041666666666666664,0.041666666666666664,0.041666666666666664
80,medium,bear,16,11,0.03125,0.53125,0.03125,0.03125,0.03125,0.03125,0.03125,0.03125,0.03125,0.03125,0.03125,0.03125,0.03125,0.03125,0.03125,0.03125
80,medium,bicycle,13,9,0.034482758620689655,0.034482758620689655,0.4482758620689655,0.034482758620689655,0.034482758620689655,0.034482758620689655,0.034482758620689655,0.034482758620689655,0.034482758620689655,0.06896551724137931,0.034482758620689655,0.034482758620689655,0.034482758620689655,0.034482758620689655,0.034482758620689655,0.034482758620689655
80,medium,bird,13,6,0.034482758620689655,0.06896551724137931,0.034482758620689655,0.41379310344827586,0.034482758620689655,0.034482758620689655,0.034482758620689655,0.034482758620689655,0.06896551724137931,0.034482758620689655,0.034482758620689655,0.034482758620689655,0.034482758620689655,0.034482758620689655,0.034482758620689655,0.034482758620689655
80,medium,boat,18,12,0.058823529411764705,0.029411764705882353,0.029411764705882353,0.029411764705882353,0.4117647058823529,0.029411764705882353,0.029411764705882353,0.029411764705882353,0.058823529411764705,0.029411764705882353,0.029411764705882353,0.058823529411764705,0.029411764705882353,0.029411764705882353,0.029411764705882353,0.08823529411764706
80,medium,bottle,15,7,0.03225806451612903,0.03225806451612903,0.03225806451612903,0.03225806451612903,0.03225806451612903,0.41935483870967744,0.03225806451612903,0.03225806451612903,0.06451612903225806,0.03225806451612903,0.06451612903225806,0.03225806451612903,0.03225806451612903,0.03225806451612903,0.06451612903225806,0.03225806451612903
80,medium,car,16,9,0.03125,0.0625,0.03125,0.03125,0.03125,0.03125,0.3125,0.03125,0.03125,0.03125,0.03125,0.03125,0.0625,0.03125,0.0625,0.15625
80,medium,cat,23,10,0.02564102564102564,0.05128205128205128,0.02564102564102564,0.05128205128205128,0.02564102564102564,0.02564102564102564,0.02564102564102564,0.5641025641025641,0.02564102564102564,0.02564102564102564,0.02564102564102564,0.02564102564102564,0.02564102564102564,0.02564102564102564,0.02564102564102564,0.02564102564102564
80,medium,chair,12,6,0.03571428571428571,0.03571428571428571,0.03571428571428571,0.03571428571428571,0.03571428571428571,0.03571428571428571,0.03571428571428571,0.03571428571428571,0.42857142857142855,0.03571428571428571,0.03571428571428571,0.03571428571428571,0.03571428571428571,0.07142857142857142,0.03571428571428571,0.03571428571428571
80,medium,clock,10,6,0.038461538461538464,0.038461538461538464,0.038461538461538464,0.038461538461538464,0.038461538461538464,0.038461538461538464,0.038461538461538464,0.038461538461538464,0.038461538461538464,0.34615384615384615,0.038461538461538464,0.038461538461538464,0.07692307692307693,0.038461538461538464,0.07692307692307693,0.038461538461538464
80,medium,dog,17,8,0.030303030303030304,0.15151515151515152,0.030303030303030304,0.030303030303030304,0.030303030303030304,0.030303030303030304,0.030303030303030304,0.09090909090909091,0.030303030303030304,0.030303030303030304,0.36363636363636365,0.030303030303030304,0.030303030303030304,0.030303030303030304,0.030303030303030304,0.030303030303030304
80,medium,elephant,19,13,0.02857142857142857,0.02857142857142857,0.02857142857142857,0.02857142857142857,0.02857142857142857,0.02857142857142857,0.02857142857142857,0.02857142857142857,0.02857142857142857,0.02857142857142857,0.05714285714285714,0.5428571428571428,0.02857142857142857,0.02857142857142857,0.02857142857142857,0.02857142857142857
80,medium,keyboard,25,17,0.024390243902439025,0.04878048780487805,0.024390243902439025,0.024390243902439025,0.024390243902439025,0.024390243902439025,0.04878048780487805,0.04878048780487805,0.024390243902439025,0.024390243902439025,0.024390243902439025,0.024390243902439025,0.3902439024390244,0.04878048780487805,0.17073170731707318,0.024390243902439025
80,medium,knife,15,10,0.03225806451612903,0.03225806451612903,0.03225806451612903,0.03225806451612903,0.03225806451612903,0.06451612903225806,0.03225806451612903,0.06451612903225806,0.03225806451612903,0.03225806451612903,0.03225806451612903,0.03225806451612903,0.03225806451612903,0.41935483870967744,0.03225806451612903,0.06451612903225806
80,medium,oven,26,19,0.023809523809523808,0.023809523809523808,0.023809523809523808,0.023809523809523808,0.023809523809523808,0.023809523809523808,0.023809523809523808,0.023809523809523808,0.023809523809523808,0.11904761904761904,0.023809523809523808,0.023809523809523808,0.023809523809523808,0.023809523809523808,0.5476190476190477,0.023809523809523808
80,medium,truck,12,7,0.07142857142857142,0.03571428571428571,0.03571428571428571,0.03571428571428571,0.03571428571428571,0.03571428571428571,0.03571428571428571,0.03571428571428571,0.07142857142857142,0.03571428571428571,0.03571428571428571,0.03571428571428571,0.03571428571428571,0.03571428571428571,0.10714285714285714,0.32142857142857145
80,high,airplane,93,61,0.8165137614678899,0.009174311926605505,0.009174311926605505,0.009174311926605505,0.045871559633027525,0.009174311926605505,0.009174311926605505,0.009174311926605505,0.009174311926605505,0.009174311926605505,0.009174311926605505,0.009174311926605505,0.009174311926605505,0.009174311926605505,0.01834862385321101,0.009174311926605505
80,high,bear,52,36,0.014705882352941176,0.7794117647058824,0.014705882352941176,0.014705882352941176,0.014705882352941176,0.014705882352941176,0.014705882352941176,0.014705882352941176,0.014705882352941176,0.014705882352941176,0.014705882352941176,0.014705882352941176,0.014705882352941176,0.014705882352941176,0.014705882352941176,0.014705882352941176
80,high,bicycle,93,68,0.009174311926605505,0.009174311926605505,0.8623853211009175,0.009174311926605505,0.009174311926605505,0.009174311926605505,0.009174311926605505,0.009174311926605505,0.009174311926605505,0.009174311926605505,0.009174311926605505,0.009174311926605505,0.009174311926605505,0.009174311926605505,0.009174311926605505,0.009174311926605505
80,high,bird,81,53,0.010309278350515464,0.010309278350515464,0.010309278350515464,0.8247422680412371,0.010309278350515464,0.010309278350515464,0.010309278350515464,0.010309278350515464,0.020618556701030927,0.010309278350515464,0.010309278350515464,0.010309278350515464,0.010309278350515464,0.010309278350515464,0.020618556701030927,0.010309278350515464
80,high,boat,72,46,0.03409090909090909,0.011363636363636364,0.011363636363636364,0.022727272727272728,0.7954545454545454,0.011363636363636364,0.011363636363636364,0.011363636363636364,0.011363636363636364,0.011363636363636364,0.011363636363636364,0.011363636363636364,0.011363636363636364,0.011363636363636364,0.011363636363636364,0.011363636363636364
80,high,bottle,57,33,0.0136986301369863,0.0136986301369863,0.0136986301369863,0.0136986301369863,0.0136986301369863,0.7808219178082192,0.0136986301369863,0.0136986301369863,0.0136986301369863,0.0136986301369863,0.0136986301369863,0.0136986301369863,0.0136986301369863,0.0136986301369863,0.0273972602739726,0.0136986301369863
80,high,car,85,42,0.019801980198019802,0.009900990099009901,0.009900990099009901,0.009900990099009901,0.009900990099009901,0.009900990099009901,0.7227722772277227,0.019801980198019802,0.019801980198019802,0.019801980198019802,0.009900990099009901,0.009900990099009901,0.009900990099009901,0.019801980198019802,0.0297029702970297,0.06930693069306931
80,high,cat,83,50,0.010101010101010102,0.04040404040404041,0.010101010101010102,0.020202020202020204,0.010101010101010102,0.010101010101010102,0.010101010101010102,0.797979797979798,0.020202020202020204,0.010101010101010102,0.010101010101010102,0.010101010101010102,0.010101010101010102,0.010101010101010102,0.010101010101010102,0.010101010101010102
80,high,chair,30,14,0.021739130434782608,0.021739130434782608,0.021739130434782608,0.021739130434782608,0.021739130434782608,0.021739130434782608,0.021739130434782608,0.043478260869565216,0.6304347826086957,0.021739130434782608,0.021739130434782608,0.021739130434782608,0.021739130434782608,0.021739130434782608,0.043478260869565216,0.021739130434782608
80,high,clock,75,52,0.01098901098901099,0.01098901098901099,0.01098901098901099,0.01098901098901099,0.01098901098901099,0.01098901098901099,0.01098901098901099,0.01098901098901099,0.01098901098901099,0.8351648351648352,0.01098901098901099,0.01098901098901099,0.01098901098901099,0.01098901098901099,0.01098901098901099,0.01098901098901099
80,high,dog,73,48,0.011235955056179775,0.033707865168539325,0.011235955056179775,0.011235955056179775,0.011235955056179775,0.011235955056179775,0.011235955056179775,0.056179775280898875,0.02247191011235955,0.011235955056179775,0.7415730337078652,0.02247191011235955,0.011235955056179775,0.011235955056179775,0.011235955056179775,0.011235955056179775
80,high,elephant,96,69,0.008928571428571428,0.017857142857142856,0.008928571428571428,0.008928571428571428,0.008928571428571428,0.008928571428571428,0.008928571428571428,0.008928571428571428,0.008928571428571428,0.008928571428571428,0.008928571428571428,0.8571428571428571,0.008928571428571428,0.008928571428571428,0.008928571428571428,0.008928571428571428
80,high,keyboard,103,65,0.008403361344537815,0.008403361344537815,0.008403361344537815,0.008403361344537815,0.008403361344537815,0.008403361344537815,0.01680672268907563,0.008403361344537815,0.008403361344537815,0.008403361344537815,0.008403361344537815,0.008403361344537815,0.8319327731092437,0.01680672268907563,0.03361344537815126,0.008403361344537815
80,high,knife,132,79,0.006756756756756757,0.006756756756756757,0.006756756756756757,0.006756756756756757,0.006756756756756757,0.006756756756756757,0.006756756756756757,0.006756756756756757,0.013513513513513514,0.006756756756756757,0.006756756756756757,0.013513513513513514,0.013513513513513514,0.8716216216216216,0.013513513513513514,0.006756756756756757
80,high,oven,56,39,0.013888888888888888,0.013888888888888888,0.013888888888888888,0.027777777777777776,0.013888888888888888,0.013888888888888888,0.013888888888888888,0.013888888888888888,0.013888888888888888,0.041666666666666664,0.013888888888888888,0.013888888888888888,0.013888888888888888,0.013888888888888888,0.75,0.013888888888888888
80,high,truck,40,26,0.017857142857142856,0.017857142857142856,0.017857142857142856,0.017857142857142856,0.017857142857142856,0.03571428571428571,0.03571428571428571,0.017857142857142856,0.017857142857142856,0.017857142857142856,0.03571428571428571,0.017857142857142856,0.017857142857142856,0.017857142857142856,0.03571428571428571,0.6607142857142857
95,low,airplane,5,2,0.19047619047619047,0.09523809523809523,0.047619047619047616,0.047619047619047616,0.047619047619047616,0.047619047619047616,0.047619047619047616,0.047619047619047616,0.09523809523809523,0.047619047619047616,0.047619047619047616,0.047619047619047616,0.047619047619047616,0.047619047619047616,0.047619047619047616,0.047619047619047616
95,low,bear,19,11,0.02857142857142857,0.4,0.02857142857142857,0.05714285714285714,0.02857142857142857,0.02857142857142857,0.02857142857142857,0.08571428571428572,0.08571428571428572,0.02857142857142857,0.05714285714285714,0.02857142857142857,0.02857142857142857,0.02857142857142857,0.02857142857142857,0.02857142857142857
95,low,bicycle,7,5,0.043478260869565216,0.043478260869565216,0.2608695652173913,0.08695652173913043,0.043478260869565216,0.043478260869565216,0.043478260869565216,0.043478260869565216,0.043478260869565216,0.043478260869565216,0.043478260869565216,0.043478260869565216,0.043478260869565216,0.043478260869565216,0.08695652173913043,0.043478260869565216
95,low,bird,15,8,0.03225806451612903,0.06451612903225806,0.03225806451612903,0.16129032258064516,0.03225806451612903,0.06451612903225806,0.03225806451612903,0.06451612903225806,0.0967741935483871,0.03225806451612903,0.12903225806451613,0.0967741935483871,0.03225806451612903,0.03225806451612903,0.06451612903225806,0.03225806451612903
95,low,boat,20,14,0.027777777777777776,0.027777777777777776,0.027777777777777776,0.05555555555555555,0.2777777777777778,0.05555555555555555,0.027777777777777776,0.05555555555555555,0.027777777777777776,0.027777777777777776,0.05555555555555555,0.027777777777777776,0.027777777777777776,0.16666666666666666,0.05555555555555555,0.05555555555555555
95,low,bottle,13,8,0.034482758620689655,0.034482758620689655,0.034482758620689655,0.034482758620689655,0.034482758620689655,0.3448275862068966,0.034482758620689655,0.06896551724137931,0.06896551724137931,0.034482758620689655,0.034482758620689655,0.034482758620689655,0.034482758620689655,0.06896551724137931,0.06896551724137931,0.034482758620689655
95,low,car,16,8,0.03125,0.0625,0.03125,0.03125,0.03125,0.09375,0.125,0.03125,0.0625,0.03125,0.03125,0.03125,0.03125,0.09375,0.1875,0.09375
95,low,cat,19,12,0.02857142857142857,0.2,0.02857142857142857,0.05714285714285714,0.02857142857142857,0.02857142857142857,0.02857142857142857,0.3142857142857143,0.02857142857142857,0.02857142857142857,0.08571428571428572,0.02857142857142857,0.02857142857142857,0.02857142857142857,0.02857142857142857,0.02857142857142857
95,low,chair,20,13,0.027777777777777776,0.027777777777777776,0.027777777777777776,0.027777777777777776,0.027777777777777776,0.08333333333333333,0.027777777777777776,0.1388888888888889,0.2777777777777778,0.027777777777777776,0.027777777777777776,0.05555555555555555,0.027777777777777776,0.05555555555555555,0.1111111111111111,0.027777777777777776
95,low,clock,9,5,0.04,0.04,0.08,0.04,0.04,0.04,0.04,0.04,0.2,0.12,0.04,0.04,0.04,0.04,0.12,0.04
95,low,dog,18,10,0.029411764705882353,0.08823529411764706,0.029411764705882353,0.029411764705882353,0.029411764705882353,0.058823529411764705,0.029411764705882353,0.14705882352941177,0.029411764705882353,0.029411764705882353,0.3235294117647059,0.058823529411764705,0.029411764705882353,0.029411764705882353,0.029411764705882353,0.029411764705882353
95,low,elephant,10,6,0.038461538461538464,0.038461538461538464,0.038461538461538464,0.038461538461538464,0.038461538461538464,0.038461538461538464,0.038461538461538464,0.038461538461538464,0.07692307692307693,0.038461538461538464,0.038461538461538464,0.38461538461538464,0.038461538461538464,0.038461538461538464,0.038461538461538464,0.038461538461538464
95,low,keyboard,25,9,0.024390243902439025,0.024390243902439025,0.024390243902439025,0.024390243902439025,0.024390243902439025,0.024390243902439025,0.024390243902439025,0.024390243902439025,0.04878048780487805,0.024390243902439025,0.024390243902439025,0.024390243902439025,0.1951219512195122,0.17073170731707318,0.2926829268292683,0.024390243902439025
95,low,knife,9,4,0.04,0.04,0.04,0.04,0.04,0.04,0.04,0.04,0.16,0.04,0.04,0.04,0.04,0.28,0.04,0.04
95,low,oven,24,16,0.025,0.025,0.025,0.025,0.025,0.075,0.025,0.025,0.025,0.025,0.025,0.025,0.1,0.05,0.475,0.025
95,low,truck,12,7,0.03571428571428571,0.07142857142857142,0.03571428571428571,0.03571428571428571,0.07142857142857142,0.07142857142857142,0.03571428571428571,0.03571428571428571,0.10714285714285714,0.03571428571428571,0.03571428571428571,0.03571428571428571,0.03571428571428571,0.07142857142857142,0.14285714285714285,0.14285714285714285
95,medium,airplane,15,8,0.5161290322580645,0.03225806451612903,0.03225806451612903,0.03225806451612903,0.03225806451612903,0.03225806451612903,0.03225806451612903,0.03225806451612903,0.03225806451612903,0.03225806451612903,0.03225806451612903,0.03225806451612903,0.03225806451612903,0.03225806451612903,0.03225806451612903,0.03225806451612903
95,medium,bear,30,20,0.021739130434782608,0.5869565217391305,0.021739130434782608,0.043478260869565216,0.021739130434782608,0.021739130434782608,0.021739130434782608,0.043478260869565216,0.021739130434782608,0.021739130434782608,0.043478260869565216,0.043478260869565216,0.021739130434782608,0.021739130434782608,0.021739130434782608,0.021739130434782608
95,medium,bicycle,14,10,0.03333333333333333,0.03333333333333333,0.5,0.03333333333333333,0.03333333333333333,0.03333333333333333,0.03333333333333333,0.03333333333333333,0.03333333333333333,0.03333333333333333,0.03333333333333333,0.03333333333333333,0.03333333333333333,0.03333333333333333,0.03333333333333333,0.03333333333333333
95,medium,bird,24,17,0.025,0.05,0.025,0.45,0.05,0.025,0.025,0.025,0.05,0.025,0.075,0.025,0.025,0.025,0.075,0.025
95,medium,boat,23,17,0.05128205128205128,0.02564102564102564,0.02564102564102564,0.02564102564102564,0.5128205128205128,0.02564102564102564,0.05128205128205128,0.02564102564102564,0.02564102564102564,0.02564102564102564,0.02564102564102564,0.02564102564102564,0.02564102564102564,0.02564102564102564,0.02564102564102564,0.07692307692307693
95,medium,bottle,22,13,0.02631578947368421,0.02631578947368421,0.02631578947368421,0.02631578947368421,0.02631578947368421,0.5263157894736842,0.02631578947368421,0.02631578947368421,0.02631578947368421,0.02631578947368421,0.05263157894736842,0.02631578947368421,0.02631578947368421,0.07894736842105263,0.02631578947368421,0.02631578947368421
95,medium,car,13,5,0.034482758620689655,0.034482758620689655,0.034482758620689655,0.034482758620689655,0.034482758620689655,0.034482758620689655,0.3793103448275862,0.034482758620689655,0.06896551724137931,0.034482758620689655,0.034482758620689655,0.034482758620689655,0.034482758620689655,0.034482758620689655,0.06896551724137931,0.06896551724137931
95,medium,cat,27,16,0.023255813953488372,0.023255813953488372,0.023255813953488372,0.023255813953488372,0.023255813953488372,0.023255813953488372,0.023255813953488372,0.627906976744186,0.023255813953488372,0.023255813953488372,0.046511627906976744,0.023255813953488372,0.023255813953488372,0.023255813953488372,0.023255813953488372,0.023255813953488372
95,medium,chair,10,4,0.038461538461538464,0.038461538461538464,0.038461538461538464,0.038461538461538464,0.038461538461538464,0.038461538461538464,0.038461538461538464,0.038461538461538464,0.4230769230769231,0.038461538461538464,0.038461538461538464,0.038461538461538464,0.038461538461538464,0.038461538461538464,0.038461538461538464,0.038461538461538464
95,medium,clock,16,10,0.03125,0.03125,0.03125,0.03125,0.03125,0.03125,0.03125,0.03125,0.03125,0.5,0.03125,0.03125,0.03125,0.0625,0.03125,0.03125
95,medium,dog,17,9,0.030303030303030304,0.06060606060606061,0.030303030303030304,0.09090909090909091,0.06060606060606061,0.030303030303030304,0.030303030303030304,0.030303030303030304,0.030303030303030304,0.030303030303030304,0.3939393939393939,0.06060606060606061,0.030303030303030304,0.030303030303030304,0.030303030303030304,0.030303030303030304
95,medium,elephant,22,14,0.02631578947368421,0.05263157894736842,0.02631578947368421,0.02631578947368421,0.02631578947368421,0.02631578947368421,0.02631578947368421,0.05263157894736842,0.02631578947368421,0.02631578947368421,0.02631578947368421,0.5526315789473685,0.02631578947368421,0.02631578947368421,0.02631578947368421,0.02631578947368421
95,medium,keyboard,35,24,0.0196078431372549,0.0392156862745098,0.0196078431372549,0.0196078431372549,0.0196078431372549,0.058823529411764705,0.0196078431372549,0.0196078431372549,0.058823529411764705,0.0392156862745098,0.0196078431372549,0.0196078431372549,0.5098039215686274,0.0196078431372549,0.09803921568627451,0.0196078431372549
95,medium,knife,21,11,0.02702702702702703,0.02702702702702703,0.02702702702702703,0.05405405405405406,0.02702702702702703,0.02702702702702703,0.02702702702702703,0.02702702702702703,0.02702702702702703,0.02702702702702703,0.02702702702702703,0.02702702702702703,0.05405405405405406,0.5405405405405406,0.02702702702702703,0.02702702702702703
95,medium,oven,42,29,0.017241379310344827,0.017241379310344827,0.017241379310344827,0.017241379310344827,0.017241379310344827,0.034482758620689655,0.017241379310344827,0.017241379310344827,0.017241379310344827,0.08620689655172414,0.017241379310344827,0.017241379310344827,0.034482758620689655,0.05172413793103448,0.603448275862069,0.017241379310344827
95,medium,truck,8,5,0.041666666666666664,0.041666666666666664,0.041666666666666664,0.041666666666666664,0.041666666666666664,0.041666666666666664,0.041666666666666664,0.041666666666666664,0.041666666666666664,0.041666666666666664,0.041666666666666664,0.041666666666666664,0.041666666666666664,0.041666666666666664,0.08333333333333333,0.3333333333333333
95,high,airplane,85,55,0.8316831683168316,0.009900990099009901,0.009900990099009901,0.009900990099009901,0.019801980198019802,0.009900990099009901,0.009900990099009901,0.009900990099009901,0.009900990099009901,0.009900990099009901,0.009900990099009901,0.009900990099009901,0.019801980198019802,0.009900990099009901,0.009900990099009901,0.009900990099009901
95,high,bear,36,24,0.019230769230769232,0.6923076923076923,0.019230769230769232,0.019230769230769232,0.019230769230769232,0.019230769230769232,0.019230769230769232,0.038461538461538464,0.019230769230769232,0.019230769230769232,0.019230769230769232,0.019230769230769232,0.019230769230769232,0.019230769230769232,0.019230769230769232,0.019230769230769232
95,high,bicycle,89,64,0.009523809523809525,0.01904761904761905,0.8476190476190476,0.009523809523809525,0.009523809523809525,0.009523809523809525,0.009523809523809525,0.009523809523809525,0.009523809523809525,0.009523809523809525,0.009523809523809525,0.009523809523809525,0.009523809523809525,0.009523809523809525,0.009523809523809525,0.009523809523809525
95,high,bird,75,47,0.01098901098901099,0.02197802197802198,0.01098901098901099,0.7912087912087912,0.01098901098901099,0.01098901098901099,0.01098901098901099,0.02197802197802198,0.01098901098901099,0.01098901098901099,0.02197802197802198,0.02197802197802198,0.01098901098901099,0.01098901098901099,0.01098901098901099,0.01098901098901099
95,high,boat,59,40,0.013333333333333334,0.013333333333333334,0.013333333333333334,0.013333333333333334,0.7733333333333333,0.013333333333333334,0.013333333333333334,0.013333333333333334,0.013333333333333334,0.013333333333333334,0.013333333333333334,0.013333333333333334,0.013333333333333334,0.013333333333333334,0.013333333333333334,0.04
95,high,bottle,42,23,0.017241379310344827,0.017241379310344827,0.017241379310344827,0.017241379310344827,0.017241379310344827,0.7413793103448276,0.017241379310344827,0.017241379310344827,0.017241379310344827,0.017241379310344827,0.017241379310344827,0.017241379310344827,0.017241379310344827,0.017241379310344827,0.017241379310344827,0.017241379310344827
95,high,car,75,38,0.01098901098901099,0.01098901098901099,0.01098901098901099,0.01098901098901099,0.01098901098901099,0.01098901098901099,0.7692307692307693,0.01098901098901099,0.01098901098901099,0.01098901098901099,0.01098901098901099,0.02197802197802198,0.01098901098901099,0.01098901098901099,0.01098901098901099,0.06593406593406594
95,high,cat,65,34,0.012345679012345678,0.037037037037037035,0.012345679012345678,0.012345679012345678,0.024691358024691357,0.012345679012345678,0.012345679012345678,0.7407407407407407,0.037037037037037035,0.012345679012345678,0.024691358024691357,0.012345679012345678,0.012345679012345678,0.012345679012345678,0.012345679012345678,0.012345679012345678
95,high,chair,25,11,0.024390243902439025,0.024390243902439025,0.024390243902439025,0.024390243902439025,0.024390243902439025,0.04878048780487805,0.024390243902439025,0.024390243902439025,0.5853658536585366,0.024390243902439025,0.024390243902439025,0.024390243902439025,0.04878048780487805,0.024390243902439025,0.024390243902439025,0.024390243902439025
95,high,clock,70,47,0.011627906976744186,0.011627906976744186,0.011627906976744186,0.011627906976744186,0.011627906976744186,0.011627906976744186,0.011627906976744186,0.011627906976744186,0.011627906976744186,0.8255813953488372,0.011627906976744186,0.011627906976744186,0.011627906976744186,0.011627906976744186,0.011627906976744186,0.011627906976744186
95,high,dog,59,41,0.013333333333333334,0.02666666666666667,0.013333333333333334,0.02666666666666667,0.013333333333333334,0.013333333333333334,0.013333333333333334,0.02666666666666667,0.013333333333333334,0.013333333333333334,0.7333333333333333,0.02666666666666667,0.013333333333333334,0.02666666666666667,0.013333333333333334,0.013333333333333334
95,high,elephant,84,60,0.01,0.02,0.01,0.01,0.01,0.01,0.01,0.01,0.01,0.01,0.01,0.84,0.01,0.01,0.01,0.01
95,high,keyboard,92,59,0.009259259259259259,0.009259259259259259,0.009259259259259259,0.009259259259259259,0.009259259259259259,0.009259259259259259,0.009259259259259259,0.009259259259259259,0.009259259259259259,0.009259259259259259,0.009259259259259259,0.009259259259259259,0.8240740740740741,0.009259259259259259,0.046296296296296294,0.009259259259259259
95,high,knife,109,68,0.008,0.008,0.008,0.008,0.008,0.008,0.008,0.008,0.008,0.008,0.008,0.008,0.008,0.88,0.008,0.008
95,high,oven,37,27,0.018867924528301886,0.018867924528301886,0.018867924528301886,0.018867924528301886,0.018867924528301886,0.018867924528301886,0.018867924528301886,0.018867924528301886,0.018867924528301886,0.09433962264150944,0.018867924528301886,0.018867924528301886,0.018867924528301886,0.018867924528301886,0.6415094339622641,0.018867924528301886
95,high,truck,41,26,0.017543859649122806,0.017543859649122806,0.017543859649122806,0.03508771929824561,0.017543859649122806,0.017543859649122806,0.03508771929824561,0.03508771929824561,0.017543859649122806,0.017543859649122806,0.017543859649122806,0.017543859649122806,0.017543859649122806,0.017543859649122806,0.03508771929824561,0.6666666666666666
110,low,airplane,19,11,0.17142857142857143,0.02857142857142857,0.02857142857142857,0.02857142857142857,0.11428571428571428,0.08571428571428572,0.02857142857142857,0.08571428571428572,0.05714285714285714,0.02857142857142857,0.05714285714285714,0.02857142857142857,0.02857142857142857,0.14285714285714285,0.05714285714285714,0.02857142857142857
110,low,bear,24,15,0.025,0.275,0.05,0.1,0.025,0.025,0.025,0.05,0.025,0.025,0.075,0.15,0.05,0.025,0.05,0.025
110,low,bicycle,10,7,0.038461538461538464,0.038461538461538464,0.38461538461538464,0.038461538461538464,0.038461538461538464,0.038461538461538464,0.038461538461538464,0.038461538461538464,0.038461538461538464,0.038461538461538464,0.07692307692307693,0.038461538461538464,0.038461538461538464,0.038461538461538464,0.038461538461538464,0.038461538461538464
110,low,bird,25,19,0.024390243902439025,0.14634146341463414,0.024390243902439025,0.2682926829268293,0.024390243902439025,0.024390243902439025,0.024390243902439025,0.12195121951219512,0.024390243902439025,0.024390243902439025,0.0975609756097561,0.07317073170731707,0.04878048780487805,0.024390243902439025,0.024390243902439025,0.024390243902439025
110,low,boat,32,24,0.020833333333333332,0.041666666666666664,0.0625,0.041666666666666664,0.22916666666666666,0.020833333333333332,0.041666666666666664,0.08333333333333333,0.125,0.020833333333333332,0.0625,0.0625,0.020833333333333332,0.020833333333333332,0.0625,0.08333333333333333
110,low,bottle,26,18,0.047619047619047616,0.047619047619047616,0.023809523809523808,0.023809523809523808,0.07142857142857142,0.3333333333333333,0.023809523809523808,0.047619047619047616,0.07142857142857142,0.023809523809523808,0.023809523809523808,0.047619047619047616,0.023809523809523808,0.11904761904761904,0.047619047619047616,0.023809523809523808
110,low,car,15,9,0.0967741935483871,0.06451612903225806,0.03225806451612903,0.03225806451612903,0.0967741935483871,0.06451612903225806,0.06451612903225806,0.03225806451612903,0.06451612903225806,0.03225806451612903,0.03225806451612903,0.03225806451612903,0.06451612903225806,0.06451612903225806,0.1935483870967742,0.03225806451612903
110,low,cat,40,28,0.017857142857142856,0.25,0.017857142857142856,0.07142857142857142,0.017857142857142856,0.017857142857142856,0.017857142857142856,0.23214285714285715,0.05357142857142857,0.017857142857142856,0.10714285714285714,0.05357142857142857,0.03571428571428571,0.017857142857142856,0.05357142857142857,0.017857142857142856
110,low,chair,33,22,0.02040816326530612,0.04081632653061224,0.02040816326530612,0.02040816326530612,0.061224489795918366,0.061224489795918366,0.02040816326530612,0.14285714285714285,0.22448979591836735,0.02040816326530612,0.08163265306122448,0.061224489795918366,0.02040816326530612,0.061224489795918366,0.12244897959183673,0.02040816326530612
110,low,clock,12,9,0.03571428571428571,0.07142857142857142,0.10714285714285714,0.03571428571428571,0.03571428571428571,0.07142857142857142,0.03571428571428571,0.03571428571428571,0.10714285714285714,0.17857142857142858,0.03571428571428571,0.03571428571428571,0.03571428571428571,0.03571428571428571,0.10714285714285714,0.03571428571428571
110,low,dog,37,25,0.018867924528301886,0.18867924528301888,0.03773584905660377,0.018867924528301886,0.018867924528301886,0.03773584905660377,0.018867924528301886,0.09433962264150944,0.03773584905660377,0.03773584905660377,0.1509433962264151,0.20754716981132076,0.07547169811320754,0.018867924528301886,0.018867924528301886,0.018867924528301886
110,low,elephant,24,18,0.025,0.1,0.025,0.025,0.025,0.05,0.025,0.025,0.075,0.025,0.025,0.475,0.025,0.025,0.025,0.025
110,low,keyboard,34,25,0.06,0.04,0.02,0.02,0.02,0.02,0.02,0.04,0.08,0.02,0.02,0.04,0.18,0.16,0.22,0.04
110,low,knife,25,16,0.024390243902439025,0.024390243902439025,0.024390243902439025,0.024390243902439025,0.024390243902439025,0.07317073170731707,0.024390243902439025,0.04878048780487805,0.04878048780487805,0.024390243902439025,0.04878048780487805,0.07317073170731707,0.04878048780487805,0.43902439024390244,0.024390243902439025,0.024390243902439025
110,low,oven,39,23,0.01818181818181818,0.01818181818181818,0.03636363636363636,0.01818181818181818,0.01818181818181818,0.10909090909090909,0.01818181818181818,0.01818181818181818,0.10909090909090909,0.05454545454545454,0.01818181818181818,0.05454545454545454,0.07272727272727272,0.05454545454545454,0.36363636363636365,0.01818181818181818
110,low,truck,16,10,0.03125,0.03125,0.03125,0.03125,0.0625,0.09375,0.03125,0.03125,0.0625,0.0625,0.03125,0.03125,0.03125,0.09375,0.1875,0.15625
110,medium,airplane,22,14,0.5,0.02631578947368421,0.02631578947368421,0.02631578947368421,0.10526315789473684,0.02631578947368421,0.02631578947368421,0.02631578947368421,0.05263157894736842,0.02631578947368421,0.02631578947368421,0.02631578947368421,0.02631578947368421,0.02631578947368421,0.02631578947368421,0.02631578947368421
110,medium,bear,20,13,0.027777777777777776,0.5277777777777778,0.027777777777777776,0.027777777777777776,0.027777777777777776,0.027777777777777776,0.027777777777777776,0.08333333333333333,0.027777777777777776,0.027777777777777776,0.027777777777777776,0.027777777777777776,0.027777777777777776,0.027777777777777776,0.027777777777777776,0.027777777777777776
110,medium,bicycle,25,19,0.024390243902439025,0.024390243902439025,0.5609756097560976,0.024390243902439025,0.024390243902439025,0.024390243902439025,0.04878048780487805,0.024390243902439025,0.024390243902439025,0.024390243902439025,0.024390243902439025,0.024390243902439025,0.04878048780487805,0.024390243902439025,0.04878048780487805,0.024390243902439025
110,medium,bird,20,11,0.027777777777777776,0.027777777777777776,0.027777777777777776,0.5,0.027777777777777776,0.027777777777777776,0.027777777777777776,0.027777777777777776,0.08333333333333333,0.027777777777777776,0.027777777777777776,0.05555555555555555,0.027777777777777776,0.027777777777777776,0.027777777777777776,0.027777777777777776
110,medium,boat,27,20,0.06976744186046512,0.023255813953488372,0.046511627906976744,0.046511627906976744,0.4186046511627907,0.023255813953488372,0.023255813953488372,0.046511627906976744,0.06976744186046512,0.023255813953488372,0.023255813953488372,0.023255813953488372,0.023255813953488372,0.023255813953488372,0.09302325581395349,0.023255813953488372
110,medium,bottle,21,10,0.02702702702702703,0.02702702702702703,0.02702702702702703,0.02702702702702703,0.02702702702702703,0.4864864864864865,0.02702702702702703,0.05405405405405406,0.05405405405405406,0.02702702702702703,0.02702702702702703,0.05405405405405406,0.02702702702702703,0.05405405405405406,0.02702702702702703,0.02702702702702703
110,medium,car,18,12,0.029411764705882353,0.029411764705882353,0.029411764705882353,0.029411764705882353,0.029411764705882353,0.029411764705882353,0.3235294117647059,0.058823529411764705,0.029411764705882353,0.029411764705882353,0.029411764705882353,0.029411764705882353,0.058823529411764705,0.029411764705882353,0.08823529411764706,0.14705882352941177
110,medium,cat,22,14,0.02631578947368421,0.13157894736842105,0.02631578947368421,0.05263157894736842,0.02631578947368421,0.02631578947368421,0.02631578947368421,0.4473684210526316,0.02631578947368421,0.02631578947368421,0.05263157894736842,0.02631578947368421,0.02631578947368421,0.02631578947368421,0.02631578947368421,0.02631578947368421
110,medium,chair,11,3,0.037037037037037035,0.037037037037037035,0.07407407407407407,0.037037037037037035,0.037037037037037035,0.037037037037037035,0.037037037037037035,0.07407407407407407,0.2962962962962963,0.037037037037037035,0.07407407407407407,0.037037037037037035,0.037037037037037035,0.037037037037037035,0.07407407407407407,0.037037037037037035
110,medium,clock,19,12,0.02857142857142857,0.02857142857142857,0.02857142857142857,0.02857142857142857,0.05714285714285714,0.05714285714285714,0.02857142857142857,0.02857142857142857,0.05714285714285714,0.42857142857142855,0.02857142857142857,0.02857142857142857,0.05714285714285714,0.05714285714285714,0.02857142857142857,0.02857142857142857
110,medium,dog,28,14,0.045454545454545456,0.06818181818181818,0.022727272727272728,0.045454545454545456,0.022727272727272728,0.045454545454545456,0.022727272727272728,0.06818181818181818,0.045454545454545456,0.022727272727272728,0.45454545454545453,0.045454545454545456,0.022727272727272728,0.022727272727272728,0.022727272727272728,0.022727272727272728
110,medium,elephant,22,16,0.02631578947368421,0.05263157894736842,0.07894736842105263,0.05263157894736842,0.02631578947368421,0.02631578947368421,0.02631578947368421,0.02631578947368421,0.02631578947368421,0.02631578947368421,0.05263157894736842,0.47368421052631576,0.02631578947368421,0.02631578947368421,0.02631578947368421,0.02631578947368421
110,medium,keyboard,36,23,0.019230769230769232,0.019230769230769232,0.019230769230769232,0.019230769230769232,0.019230769230769232,0.019230769230769232,0.019230769230769232,0.019230769230769232,0.019230769230769232,0.019230769230769232,0.019230769230769232,0.019230769230769232,0.5384615384615384,0.057692307692307696,0.15384615384615385,0.019230769230769232
110,medium,knife,31,19,0.02127659574468085,0.02127659574468085,0.0425531914893617,0.02127659574468085,0.02127659574468085,0.02127659574468085,0.02127659574468085,0.02127659574468085,0.02127659574468085,0.02127659574468085,0.0425531914893617,0.02127659574468085,0.0425531914893617,0.5957446808510638,0.0425531914893617,0.02127659574468085
110,medium,oven,34,24,0.02,0.02,0.02,0.02,0.02,0.06,0.02,0.02,0.02,0.08,0.02,0.02,0.08,0.04,0.5,0.04
110,medium,truck,9,6,0.04,0.04,0.04,0.04,0.04,0.04,0.08,0.04,0.08,0.04,0.04,0.04,0.04,0.08,0.12,0.2
110,high,airplane,74,43,0.7666666666666667,0.011111111111111112,0.011111111111111112,0.011111111111111112,0.06666666666666667,0.011111111111111112,0.011111111111111112,0.011111111111111112,0.011111111111111112,0.011111111111111112,0.011111111111111112,0.011111111111111112,0.022222222222222223,0.011111111111111112,0.011111111111111112,0.011111111111111112
110,high,bear,21,12,0.02702702702702703,0.5945945945945946,0.02702702702702703,0.02702702702702703,0.02702702702702703,0.02702702702702703,0.02702702702702703,0.02702702702702703,0.02702702702702703,0.02702702702702703,0.02702702702702703,0.02702702702702703,0.02702702702702703,0.02702702702702703,0.02702702702702703,0.02702702702702703
110,high,bicycle,67,45,0.024096385542168676,0.012048192771084338,0.7951807228915663,0.012048192771084338,0.012048192771084338,0.012048192771084338,0.012048192771084338,0.024096385542168676,0.012048192771084338,0.012048192771084338,0.012048192771084338,0.012048192771084338,0.012048192771084338,0.012048192771084338,0.012048192771084338,0.012048192771084338
110,high,bird,67,43,0.012048192771084338,0.012048192771084338,0.012048192771084338,0.7831325301204819,0.012048192771084338,0.012048192771084338,0.012048192771084338,0.03614457831325301,0.012048192771084338,0.012048192771084338,0.012048192771084338,0.012048192771084338,0.012048192771084338,0.012048192771084338,0.012048192771084338,0.024096385542168676
110,high,boat,47,28,0.031746031746031744,0.015873015873015872,0.015873015873015872,0.015873015873015872,0.7142857142857143,0.015873015873015872,0.015873015873015872,0.015873015873015872,0.015873015873015872,0.015873015873015872,0.015873015873015872,0.015873015873015872,0.015873015873015872,0.031746031746031744,0.015873015873015872,0.031746031746031744
110,high,bottle,29,18,0.022222222222222223,0.022222222222222223,0.022222222222222223,0.022222222222222223,0.022222222222222223,0.6444444444444445,0.022222222222222223,0.022222222222222223,0.022222222222222223,0.022222222222222223,0.044444444444444446,0.022222222222222223,0.022222222222222223,0.022222222222222223,0.022222222222222223,0.022222222222222223
110,high,car,81,40,0.030927835051546393,0.010309278350515464,0.010309278350515464,0.010309278350515464,0.010309278350515464,0.020618556701030927,0.7319587628865979,0.010309278350515464,0.010309278350515464,0.010309278350515464,0.010309278350515464,0.010309278350515464,0.020618556701030927,0.010309278350515464,0.020618556701030927,0.07216494845360824
110,high,cat,50,23,0.015151515151515152,0.015151515151515152,0.015151515151515152,0.015151515151515152,0.015151515151515152,0.015151515151515152,0.015151515151515152,0.7727272727272727,0.015151515151515152,0.015151515151515152,0.015151515151515152,0.015151515151515152,0.015151515151515152,0.015151515151515152,0.015151515151515152,0.015151515151515152
110,high,chair,17,8,0.030303030303030304,0.030303030303030304,0.030303030303030304,0.030303030303030304,0.030303030303030304,0.06060606060606061,0.030303030303030304,0.06060606060606061,0.42424242424242425,0.030303030303030304,0.030303030303030304,0.030303030303030304,0.030303030303030304,0.06060606060606061,0.06060606060606061,0.030303030303030304
110,high,clock,70,43,0.011627906976744186,0.011627906976744186,0.011627906976744186,0.011627906976744186,0.023255813953488372,0.011627906976744186,0.011627906976744186,0.011627906976744186,0.011627906976744186,0.7790697674418605,0.011627906976744186,0.011627906976744186,0.023255813953488372,0.023255813953488372,0.023255813953488372,0.011627906976744186
110,high,dog,47,31,0.015873015873015872,0.07936507936507936,0.015873015873015872,0.031746031746031744,0.015873015873015872,0.015873015873015872,0.015873015873015872,0.015873015873015872,0.015873015873015872,0.015873015873015872,0.6507936507936508,0.047619047619047616,0.015873015873015872,0.015873015873015872,0.015873015873015872,0.015873015873015872
110,high,elephant,54,39,0.014285714285714285,0.014285714285714285,0.014285714285714285,0.014285714285714285,0.014285714285714285,0.014285714285714285,0.014285714285714285,0.02857142857142857,0.02857142857142857,0.014285714285714285,0.02857142857142857,0.7428571428571429,0.014285714285714285,0.014285714285714285,0.014285714285714285,0.014285714285714285
110,high,keyboard,80,49,0.010416666666666666,0.010416666666666666,0.010416666666666666,0.010416666666666666,0.010416666666666666,0.041666666666666664,0.010416666666666666,0.010416666666666666,0.010416666666666666,0.020833333333333332,0.010416666666666666,0.010416666666666666,0.75,0.010416666666666666,0.052083333333333336,0.020833333333333332
110,high,knife,83,53,0.010101010101010102,0.010101010101010102,0.010101010101010102,0.010101010101010102,0.010101010101010102,0.010101010101010102,0.010101010101010102,0.010101010101010102,0.010101010101010102,0.010101010101010102,0.010101010101010102,0.010101010101010102,0.010101010101010102,0.8484848484848485,0.010101010101010102,0.010101010101010102
110,high,oven,29,21,0.022222222222222223,0.022222222222222223,0.022222222222222223,0.022222222222222223,0.022222222222222223,0.022222222222222223,0.022222222222222223,0.022222222222222223,0.022222222222222223,0.1111111111111111,0.022222222222222223,0.022222222222222223,0.022222222222222223,0.044444444444444446,0.5555555555555556,0.022222222222222223
110,high,truck,39,26,0.01818181818181818,0.01818181818181818,0.01818181818181818,0.01818181818181818,0.01818181818181818,0.01818181818181818,0.03636363636363636,0.03636363636363636,0.01818181818181818,0.01818181818181818,0.01818181818181818,0.01818181818181818,0.01818181818181818,0.01818181818181818,0.05454545454545454,0.6545454545454545
125,low,airplane,39,30,0.2909090909090909,0.10909090909090909,0.01818181818181818,0.03636363636363636,0.09090909090909091,0.05454545454545454,0.03636363636363636,0.10909090909090909,0.01818181818181818,0.01818181818181818,0.01818181818181818,0.07272727272727272,0.05454545454545454,0.01818181818181818,0.03636363636363636,0.01818181818181818
125,low,bear,44,33,0.03333333333333333,0.23333333333333334,0.05,0.05,0.016666666666666666,0.03333333333333333,0.016666666666666666,0.06666666666666667,0.08333333333333333,0.016666666666666666,0.13333333333333333,0.15,0.016666666666666666,0.03333333333333333,0.03333333333333333,0.03333333333333333
125,low,bicycle,31,22,0.02127659574468085,0.10638297872340426,0.2978723404255319,0.02127659574468085,0.0851063829787234,0.02127659574468085,0.02127659574468085,0.0425531914893617,0.06382978723404255,0.02127659574468085,0.0425531914893617,0.10638297872340426,0.02127659574468085,0.0425531914893617,0.02127659574468085,0.06382978723404255
125,low,bird,40,29,0.03571428571428571,0.03571428571428571,0.03571428571428571,0.3392857142857143,0.03571428571428571,0.03571428571428571,0.017857142857142856,0.10714285714285714,0.017857142857142856,0.017857142857142856,0.07142857142857142,0.10714285714285714,0.03571428571428571,0.03571428571428571,0.05357142857142857,0.017857142857142856
125,low,boat,79,57,0.07368421052631578,0.042105263157894736,0.042105263157894736,0.07368421052631578,0.18947368421052632,0.06315789473684211,0.031578947368421054,0.05263157894736842,0.07368421052631578,0.042105263157894736,0.021052631578947368,0.08421052631578947,0.05263157894736842,0.042105263157894736,0.06315789473684211,0.05263157894736842
125,low,bottle,20,12,0.027777777777777776,0.027777777777777776,0.05555555555555555,0.027777777777777776,0.027777777777777776,0.3611111111111111,0.027777777777777776,0.05555555555555555,0.05555555555555555,0.027777777777777776,0.08333333333333333,0.027777777777777776,0.027777777777777776,0.08333333333333333,0.05555555555555555,0.027777777777777776
125,low,car,46,30,0.06451612903225806,0.016129032258064516,0.04838709677419355,0.03225806451612903,0.03225806451612903,0.04838709677419355,0.1935483870967742,0.03225806451612903,0.06451612903225806,0.04838709677419355,0.04838709677419355,0.03225806451612903,0.03225806451612903,0.08064516129032258,0.14516129032258066,0.08064516129032258
125,low,cat,73,55,0.011235955056179775,0.1797752808988764,0.033707865168539325,0.11235955056179775,0.02247191011235955,0.033707865168539325,0.011235955056179775,0.24719101123595505,0.033707865168539325,0.02247191011235955,0.11235955056179775,0.07865168539325842,0.033707865168539325,0.02247191011235955,0.033707865168539325,0.011235955056179775
125,low,chair,46,31,0.016129032258064516,0.04838709677419355,0.04838709677419355,0.04838709677419355,0.03225806451612903,0.016129032258064516,0.016129032258064516,0.08064516129032258,0.16129032258064516,0.016129032258064516,0.04838709677419355,0.08064516129032258,0.04838709677419355,0.11290322580645161,0.20967741935483872,0.016129032258064516
125,low,clock,22,16,0.02631578947368421,0.10526315789473684,0.07894736842105263,0.05263157894736842,0.02631578947368421,0.05263157894736842,0.02631578947368421,0.07894736842105263,0.10526315789473684,0.10526315789473684,0.05263157894736842,0.05263157894736842,0.07894736842105263,0.05263157894736842,0.07894736842105263,0.02631578947368421
125,low,dog,48,35,0.015625,0.09375,0.0625,0.09375,0.015625,0.015625,0.015625,0.15625,0.078125,0.015625,0.234375,0.0625,0.03125,0.015625,0.03125,0.0625
125,low,elephant,35,25,0.0196078431372549,0.09803921568627451,0.0196078431372549,0.058823529411764705,0.0392156862745098,0.0392156862745098,0.0196078431372549,0.0196078431372549,0.0196078431372549,0.0196078431372549,0.0392156862745098,0.49019607843137253,0.0196078431372549,0.0196078431372549,0.058823529411764705,0.0196078431372549
125,low,keyboard,75,55,0.03296703296703297,0.02197802197802198,0.02197802197802198,0.02197802197802198,0.04395604395604396,0.10989010989010989,0.01098901098901099,0.03296703296703297,0.04395604395604396,0.06593406593406594,0.01098901098901099,0.02197802197802198,0.24175824175824176,0.0989010989010989,0.1978021978021978,0.02197802197802198
125,low,knife,37,26,0.018867924528301886,0.018867924528301886,0.05660377358490566,0.018867924528301886,0.03773584905660377,0.05660377358490566,0.03773584905660377,0.018867924528301886,0.03773584905660377,0.018867924528301886,0.05660377358490566,0.05660377358490566,0.03773584905660377,0.4339622641509434,0.03773584905660377,0.05660377358490566
125,low,oven,53,36,0.028985507246376812,0.014492753623188406,0.028985507246376812,0.014492753623188406,0.028985507246376812,0.057971014492753624,0.014492753623188406,0.043478260869565216,0.08695652173913043,0.028985507246376812,0.028985507246376812,0.043478260869565216,0.043478260869565216,0.08695652173913043,0.43478260869565216,0.014492753623188406
125,low,truck,22,12,0.05263157894736842,0.02631578947368421,0.05263157894736842,0.02631578947368421,0.02631578947368421,0.02631578947368421,0.07894736842105263,0.02631578947368421,0.02631578947368421,0.02631578947368421,0.02631578947368421,0.07894736842105263,0.07894736842105263,0.05263157894736842,0.15789473684210525,0.23684210526315788
125,medium,airplane,24,16,0.475,0.025,0.05,0.025,0.1,0.025,0.05,0.05,0.025,0.025,0.025,0.025,0.025,0.025,0.025,0.025
125,medium,bear,20,13,0.027777777777777776,0.3888888888888889,0.027777777777777776,0.027777777777777776,0.027777777777777776,0.027777777777777776,0.027777777777777776,0.08333333333333333,0.027777777777777776,0.027777777777777776,0.08333333333333333,0.08333333333333333,0.05555555555555555,0.027777777777777776,0.027777777777777776,0.027777777777777776
125,medium,bicycle,21,11,0.02702702702702703,0.02702702702702703,0.5405405405405406,0.02702702702702703,0.02702702702702703,0.02702702702702703,0.02702702702702703,0.02702702702702703,0.02702702702702703,0.02702702702702703,0.02702702702702703,0.02702702702702703,0.02702702702702703,0.02702702702702703,0.08108108108108109,0.02702702702702703
125,medium,bird,27,19,0.023255813953488372,0.046511627906976744,0.023255813953488372,0.4883720930232558,0.046511627906976744,0.023255813953488372,0.023255813953488372,0.06976744186046512,0.023255813953488372,0.023255813953488372,0.023255813953488372,0.09302325581395349,0.023255813953488372,0.023255813953488372,0.023255813953488372,0.023255813953488372
125,medium,boat,31,22,0.02127659574468085,0.02127659574468085,0.02127659574468085,0.0425531914893617,0.3829787234042553,0.02127659574468085,0.1276595744680851,0.06382978723404255,0.0425531914893617,0.02127659574468085,0.06382978723404255,0.02127659574468085,0.02127659574468085,0.0425531914893617,0.02127659574468085,0.06382978723404255
125,medium,bottle,22,12,0.02631578947368421,0.02631578947368421,0.05263157894736842,0.02631578947368421,0.02631578947368421,0.47368421052631576,0.02631578947368421,0.02631578947368421,0.05263157894736842,0.05263157894736842,0.05263157894736842,0.02631578947368421,0.05263157894736842,0.02631578947368421,0.02631578947368421,0.02631578947368421
125,medium,car,34,23,0.04,0.02,0.04,0.02,0.04,0.04,0.36,0.04,0.04,0.04,0.02,0.04,0.06,0.04,0.06,0.1
125,medium,cat,25,14,0.024390243902439025,0.12195121951219512,0.04878048780487805,0.024390243902439025,0.04878048780487805,0.04878048780487805,0.024390243902439025,0.3902439024390244,0.024390243902439025,0.024390243902439025,0.024390243902439025,0.0975609756097561,0.024390243902439025,0.024390243902439025,0.024390243902439025,0.024390243902439025
125,medium,chair,18,10,0.029411764705882353,0.029411764705882353,0.029411764705882353,0.08823529411764706,0.058823529411764705,0.029411764705882353,0.029411764705882353,0.029411764705882353,0.38235294117647056,0.029411764705882353,0.029411764705882353,0.058823529411764705,0.029411764705882353,0.058823529411764705,0.058823529411764705,0.029411764705882353
125,medium,clock,18,10,0.029411764705882353,0.029411764705882353,0.029411764705882353,0.029411764705882353,0.058823529411764705,0.029411764705882353,0.029411764705882353,0.029411764705882353,0.029411764705882353,0.5,0.029411764705882353,0.029411764705882353,0.029411764705882353,0.029411764705882353,0.058823529411764705,0.029411764705882353
125,medium,dog,27,20,0.023255813953488372,0.11627906976744186,0.023255813953488372,0.06976744186046512,0.023255813953488372,0.023255813953488372,0.023255813953488372,0.06976744186046512,0.023255813953488372,0.046511627906976744,0.37209302325581395,0.046511627906976744,0.046511627906976744,0.023255813953488372,0.046511627906976744,0.023255813953488372
125,medium,elephant,24,16,0.025,0.05,0.025,0.05,0.05,0.025,0.025,0.05,0.05,0.025,0.05,0.425,0.025,0.025,0.075,0.025
125,medium,keyboard,29,18,0.022222222222222223,0.022222222222222223,0.022222222222222223,0.022222222222222223,0.022222222222222223,0.022222222222222223,0.022222222222222223,0.022222222222222223,0.022222222222222223,0.08888888888888889,0.022222222222222223,0.022222222222222223,0.5111111111111111,0.06666666666666667,0.06666666666666667,0.022222222222222223
125,medium,knife,29,21,0.022222222222222223,0.044444444444444446,0.022222222222222223,0.06666666666666667,0.022222222222222223,0.022222222222222223,0.022222222222222223,0.022222222222222223,0.022222222222222223,0.022222222222222223,0.022222222222222223,0.022222222222222223,0.022222222222222223,0.6,0.022222222222222223,0.022222222222222223
125,medium,oven,21,13,0.05405405405405406,0.02702702702702703,0.02702702702702703,0.02702702702702703,0.02702702702702703,0.05405405405405406,0.02702702702702703,0.02702702702702703,0.08108108108108109,0.08108108108108109,0.02702702702702703,0.02702702702702703,0.05405405405405406,0.08108108108108109,0.35135135135135137,0.02702702702702703
125,medium,truck,16,8,0.0625,0.03125,0.0625,0.03125,0.09375,0.03125,0.03125,0.03125,0.03125,0.03125,0.03125,0.03125,0.03125,0.03125,0.125,0.3125
125,high,airplane,64,38,0.65,0.0125,0.0125,0.0375,0.125,0.0125,0.0125,0.025,0.0125,0.0125,0.0125,0.0125,0.0125,0.0125,0.0125,0.025
125,high,bear,12,7,0.03571428571428571,0.39285714285714285,0.03571428571428571,0.03571428571428571,0.03571428571428571,0.03571428571428571,0.03571428571428571,0.03571428571428571,0.03571428571428571,0.03571428571428571,0.03571428571428571,0.07142857142857142,0.07142857142857142,0.03571428571428571,0.03571428571428571,0.03571428571428571
125,high,bicycle,44,29,0.016666666666666666,0.016666666666666666,0.7166666666666667,0.016666666666666666,0.016666666666666666,0.016666666666666666,0.016666666666666666,0.016666666666666666,0.03333333333333333,0.016666666666666666,0.016666666666666666,0.016666666666666666,0.016666666666666666,0.03333333333333333,0.016666666666666666,0.016666666666666666
125,high,bird,28,15,0.022727272727272728,0.022727272727272728,0.022727272727272728,0.5681818181818182,0.022727272727272728,0.022727272727272728,0.022727272727272728,0.06818181818181818,0.022727272727272728,0.022727272727272728,0.06818181818181818,0.022727272727272728,0.022727272727272728,0.022727272727272728,0.022727272727272728,0.022727272727272728
125,high,boat,26,14,0.023809523809523808,0.023809523809523808,0.023809523809523808,0.023809523809523808,0.47619047619047616,0.047619047619047616,0.047619047619047616,0.023809523809523808,0.023809523809523808,0.023809523809523808,0.07142857142857142,0.047619047619047616,0.023809523809523808,0.023809523809523808,0.023809523809523808,0.07142857142857142
125,high,bottle,17,11,0.030303030303030304,0.030303030303030304,0.030303030303030304,0.030303030303030304,0.030303030303030304,0.5151515151515151,0.030303030303030304,0.030303030303030304,0.030303030303030304,0.030303030303030304,0.030303030303030304,0.030303030303030304,0.06060606060606061,0.030303030303030304,0.030303030303030304,0.030303030303030304
125,high,car,53,25,0.014492753623188406,0.014492753623188406,0.028985507246376812,0.014492753623188406,0.028985507246376812,0.028985507246376812,0.6521739130434783,0.014492753623188406,0.014492753623188406,0.014492753623188406,0.014492753623188406,0.014492753623188406,0.043478260869565216,0.028985507246376812,0.014492753623188406,0.057971014492753624
125,high,cat,29,19,0.022222222222222223,0.06666666666666667,0.022222222222222223,0.022222222222222223,0.022222222222222223,0.044444444444444446,0.022222222222222223,0.5111111111111111,0.022222222222222223,0.044444444444444446,0.06666666666666667,0.022222222222222223,0.022222222222222223,0.022222222222222223,0.044444444444444446,0.022222222222222223
125,high,chair,8,2,0.041666666666666664,0.041666666666666664,0.08333333333333333,0.041666666666666664,0.041666666666666664,0.041666666666666664,0.041666666666666664,0.041666666666666664,0.25,0.041666666666666664,0.041666666666666664,0.041666666666666664,0.041666666666666664,0.08333333333333333,0.08333333333333333,0.041666666666666664
125,high,clock,58,36,0.013513513513513514,0.013513513513513514,0.02702702702702703,0.013513513513513514,0.013513513513513514,0.02702702702702703,0.013513513513513514,0.013513513513513514,0.013513513513513514,0.7567567567567568,0.013513513513513514,0.013513513513513514,0.02702702702702703,0.013513513513513514,0.013513513513513514,0.013513513513513514
125,high,dog,26,16,0.023809523809523808,0.07142857142857142,0.047619047619047616,0.023809523809523808,0.023809523809523808,0.023809523809523808,0.023809523809523808,0.09523809523809523,0.023809523809523808,0.023809523809523808,0.4523809523809524,0.047619047619047616,0.047619047619047616,0.023809523809523808,0.023809523809523808,0.023809523809523808
125,high,elephant,20,13,0.027777777777777776,0.08333333333333333,0.05555555555555555,0.027777777777777776,0.027777777777777776,0.027777777777777776,0.027777777777777776,0.027777777777777776,0.027777777777777776,0.027777777777777776,0.027777777777777776,0.5,0.027777777777777776,0.027777777777777776,0.027777777777777776,0.027777777777777776
125,high,keyboard,57,36,0.0136986301369863,0.0136986301369863,0.0273972602739726,0.0136986301369863,0.0136986301369863,0.0684931506849315,0.0136986301369863,0.0273972602739726,0.0136986301369863,0.0136986301369863,0.0136986301369863,0.0136986301369863,0.684931506849315,0.0136986301369863,0.0410958904109589,0.0136986301369863
125,high,knife,63,36,0.012658227848101266,0.012658227848101266,0.012658227848101266,0.012658227848101266,0.012658227848101266,0.012658227848101266,0.012658227848101266,0.012658227848101266,0.012658227848101266,0.012658227848101266,0.012658227848101266,0.012658227848101266,0.012658227848101266,0.7974683544303798,0.012658227848101266,0.02531645569620253
125,high,oven,14,9,0.03333333333333333,0.03333333333333333,0.03333333333333333,0.03333333333333333,0.03333333333333333,0.03333333333333333,0.03333333333333333,0.03333333333333333,0.03333333333333333,0.1,0.03333333333333333,0.03333333333333333,0.1,0.1,0.3,0.03333333333333333
125,high,truck,15,9,0.06451612903225806,0.03225806451612903,0.03225806451612903,0.03225806451612903,0.03225806451612903,0.03225806451612903,0.06451612903225806,0.03225806451612903,0.03225806451612903,0.03225806451612903,0.03225806451612903,0.03225806451612903,0.03225806451612903,0.03225806451612903,0.03225806451612903,0.45161290322580644
